customer_id,first_name,last_name,age,city,signup_date
1,Tejas,Uppal,56,Mumbai,2023-10-17
2,Lavanya,Tailor,46,Delhi,2022-04-25
3,Indrajit,Dube,32,Mysuru,2022-01-26
4,Sanaya,Devan,60,Hyderabad,2022-10-09
5,Forum,Halder,25,Kochi,2022-09-08
6,Hitesh,Kanda,38,Lucknow,2022-08-17
7,Daniel,Nayar,56,Bengaluru,2022-05-23
8,Laban,Gera,36,Bengaluru,2022-04-15
9,Reva,Om,40,Bengaluru,2023-11-24
10,Jagdish,Ramachandran,28,Bengaluru,2023-07-13
11,David,Mander,28,Bengaluru,2022-03-31
12,Kabir,Venkataraman,41,Pune,2023-08-28
13,Dayamai,Mander,53,Bengaluru,2023-03-09
14,Bakhshi,Talwar,57,Chennai,2022-02-02
15,Mohini,Pingle,41,Ahmedabad,2022-01-31
16,Yamini,Sinha,20,Bengaluru,2022-04-06
17,Kavya,Toor,39,Jaipur,2022-08-12
18,Jai,Kalita,19,Chennai,2022-08-27
19,Ekbal,Gade,41,Bengaluru,2023-06-02
20,Ladli,Mishra,61,Pune,2023-09-09
21,Jack,Sani,47,Delhi,2022-01-28
22,Yashoda,Shukla,55,Ahmedabad,2023-07-29
23,Saksham,Dani,19,Kolkata,2022-07-23
24,Sanaya,Brahmbhatt,38,Jaipur,2023-10-28
25,Aradhana,Oak,50,Chennai,2023-07-13
26,Yochana,Kale,29,Bengaluru,2023-03-06
27,Tarak,Kuruvilla,39,Kolkata,2022-08-14
28,Reyansh,Dhar,61,Jaipur,2023-04-05
29,Rachita,Shan,42,Nagpur,2023-08-27
30,Balveer,Pandya,44,Hyderabad,2022-10-12
31,Girish,Dua,59,Hyderabad,2022-01-07
32,Sarthak,Shenoy,45,Kolkata,2022-06-13
33,Osha,Sane,33,Hyderabad,2023-03-09
34,Simon,Sawhney,32,Coimbatore,2022-12-15
35,Yuvraj,Ramesh,64,Ahmedabad,2022-10-12
36,Zehaan,Pandya,61,Hyderabad,2022-06-09
37,Abdul,Patel,20,Kolkata,2022-08-09
38,Wishi,Date,54,Kolkata,2022-12-11
39,Anamika,Palan,24,Bengaluru,2022-04-15
40,Vyanjana,Arora,38,Lucknow,2022-04-05
41,Ridhi,Rana,26,Mumbai,2023-01-25
42,Qabil,Ghosh,56,Jaipur,2022-04-10
43,Devansh,Kari,35,Hyderabad,2023-01-03
44,Teerth,Jain,21,Lucknow,2022-12-19
45,Ronith,Datta,42,Hyderabad,2023-09-11
46,Ryan,Bhat,31,Bengaluru,2022-09-28
47,Rachana,Mani,26,Lucknow,2022-02-14
48,Sai,Sachdeva,43,Bengaluru,2023-04-16
49,Pallavi,Golla,19,Chennai,2023-07-04
50,Samar,Aggarwal,37,Mysuru,2022-05-08
51,Pahal,Sangha,45,Mysuru,2023-01-23
52,Baljiwan,Choudhary,64,Delhi,2022-03-22
53,Siddharth,Zacharia,24,Delhi,2023-07-20
54,Udarsh,Pillay,61,Mumbai,2022-10-28
55,Krisha,Chawla,25,Chennai,2023-10-06
56,Nandini,Nair,64,Hyderabad,2023-09-26
57,Hardik,Rana,52,Pune,2023-01-06
58,Wriddhish,Muni,31,Kolkata,2023-08-15
59,Advaith,Pant,34,Jaipur,2022-07-16
60,Zayyan,Acharya,53,Jaipur,2022-03-13
61,Aarnav,Mohanty,57,Bengaluru,2022-02-16
62,Jai,Bhalla,21,Mumbai,2023-11-09
63,Liam,Sem,19,Bengaluru,2022-08-22
64,Oeshi,Natarajan,23,Delhi,2022-10-24
65,Matthew,Kota,59,Mumbai,2022-03-23
66,Charles,Parekh,21,Lucknow,2022-08-27
67,Nachiket,Taneja,46,Hyderabad,2022-04-14
68,Januja,Tailor,35,Bengaluru,2023-01-25
69,Chanakya,Shroff,43,Bengaluru,2022-10-12
70,Janya,Mall,61,Kolkata,2023-04-10
71,Mohammed,Garg,51,Delhi,2023-10-13
72,Wahab,Sastry,27,Bengaluru,2023-01-09
73,Dominic,Bassi,53,Bengaluru,2022-06-16
74,Divya,Varkey,31,Pune,2023-01-15
75,Jasmit,Barad,48,Bengaluru,2022-12-30
76,Vedant,Rajagopal,32,Jaipur,2022-08-03
77,Laban,Raj,25,Pune,2023-11-18
78,Ekiya,Rajan,31,Bengaluru,2022-10-01
79,Nihal,Ram,40,Bengaluru,2023-12-01
80,Tanveer,Soman,57,Nagpur,2023-10-26
81,Ria,Choudhry,38,Hyderabad,2022-03-15
82,Osha,Samra,33,Hyderabad,2023-09-16
83,Baljiwan,Bala,62,Jaipur,2023-10-13
84,Harshil,Andra,35,Mysuru,2022-06-25
85,Aryan,Subramaniam,64,Nagpur,2023-07-01
86,Laban,Chandran,41,Kolkata,2022-09-08
87,Laksh,Jain,43,Hyderabad,2022-06-17
88,Raghav,Sanghvi,42,Bengaluru,2023-04-19
89,Nikita,Dass,62,Kolkata,2023-01-24
90,Bachittar,Mistry,58,Delhi,2022-10-04
91,Hemangini,Hari,46,Hyderabad,2023-10-18
92,Yoshita,Zachariah,32,Lucknow,2023-07-25
93,Frederick,Chanda,62,Bengaluru,2022-08-13
94,Daniel,Walia,18,Mumbai,2022-11-29
95,Aarush,Mammen,42,Bengaluru,2022-02-27
96,Anthony,Hayer,24,Mumbai,2022-08-23
97,Chakradev,Bassi,26,Bengaluru,2022-02-02
98,Gavin,Anand,41,Bengaluru,2022-11-20
99,Ekanta,Devi,18,Bengaluru,2023-02-15
100,Nilima,Dua,61,Pune,2022-10-02
101,Diya,Tandon,25,Kolkata,2022-03-09
102,Vivaan,Seshadri,41,Delhi,2022-08-05
103,Samar,Badal,28,Kochi,2023-08-04
104,Xiti,Koshy,34,Hyderabad,2022-11-19
105,Chakradhar,Sangha,25,Chennai,2022-08-06
106,Vritti,Kalla,52,Ahmedabad,2023-11-03
107,Pahal,Bora,52,Chennai,2023-05-27
108,Onkar,Murthy,50,Kochi,2023-02-10
109,Zilmil,Chokshi,22,Bengaluru,2023-10-21
110,Vrinda,Arya,59,Kochi,2023-04-15
111,Sachi,Ram,56,Bengaluru,2022-05-27
112,Oliver,Mammen,58,Lucknow,2022-09-29
113,Amruta,Suri,45,Mumbai,2022-05-23
114,Shivansh,Kumer,24,Nagpur,2022-09-10
115,Ekanta,Mitter,26,Bengaluru,2023-07-29
116,Ronith,Thakkar,25,Delhi,2023-07-06
117,Jagvi,Saran,29,Kochi,2022-09-27
118,Balveer,Randhawa,51,Mumbai,2023-08-22
119,Agastya,Bhagat,50,Delhi,2023-03-15
120,Aarush,Shenoy,40,Pune,2023-08-21
121,Advik,Gera,41,Mumbai,2023-02-13
122,Saanvi,Sachdeva,54,Delhi,2023-01-06
123,Chanchal,Chahal,52,Delhi,2022-08-13
124,Maya,Mannan,61,Lucknow,2022-05-22
125,Pranit,Kaul,57,Bengaluru,2023-06-06
126,Lakshmi,Nigam,39,Chennai,2023-05-21
127,Manbir,Nair,44,Mysuru,2022-04-04
128,Bhavna,Chad,52,Lucknow,2022-02-18
129,Dominic,Lad,18,Mumbai,2022-04-23
130,Ati,Varghese,52,Delhi,2022-06-06
131,Ekaja,Bhalla,54,Chennai,2023-10-05
132,Tanveer,Khalsa,64,Bengaluru,2022-06-13
133,Upma,Sen,31,Mumbai,2023-11-28
134,Ati,Sinha,20,Hyderabad,2023-03-09
135,Harish,Dara,18,Delhi,2023-09-03
136,Harish,Narayanan,22,Bengaluru,2022-03-07
137,Amaira,Dube,43,Visakhapatnam,2023-01-30
138,Aadi,Sangha,31,Nagpur,2023-01-26
139,Devika,Koshy,56,Pune,2023-09-03
140,Logan,Dixit,44,Mumbai,2023-04-25
141,Wishi,Jhaveri,26,Chennai,2023-06-26
142,Chavvi,Narain,32,Jaipur,2022-09-15
143,George,Rajan,32,Pune,2023-07-21
144,Rishi,Rau,43,Bengaluru,2022-01-12
145,Anamika,Rout,59,Lucknow,2023-11-28
146,Rehaan,Naik,30,Jaipur,2022-04-28
147,Ansh,Purohit,49,Mysuru,2023-11-30
148,Frederick,Shukla,56,Kolkata,2023-07-04
149,Urmi,Virk,49,Delhi,2022-10-01
150,Zaid,Zachariah,21,Hyderabad,2023-10-19
151,Anirudh,Goel,47,Coimbatore,2022-12-15
152,Ekani,Char,54,Ahmedabad,2022-04-25
153,Jalsa,Sawhney,40,Bengaluru,2022-10-28
154,Janya,Jain,56,Bengaluru,2023-03-22
155,Gayathri,Behl,62,Hyderabad,2022-06-11
156,Rudra,Krish,32,Jaipur,2023-04-10
157,Jason,Chander,60,Nagpur,2022-01-04
158,Siya,Batta,46,Bengaluru,2022-09-27
159,Amrita,Kar,53,Delhi,2023-05-28
160,Ekiya,Tak,30,Hyderabad,2022-07-02
161,Unnati,Sridhar,49,Kochi,2023-06-04
162,Laksh,Sekhon,24,Ahmedabad,2022-04-19
163,Rachita,Purohit,39,Ahmedabad,2023-10-03
164,Oviya,Shankar,45,Mumbai,2022-11-02
165,Fitan,Krish,19,Hyderabad,2023-10-17
166,Janya,Golla,59,Chennai,2023-06-04
167,Anamika,Wadhwa,62,Bengaluru,2023-09-16
168,Oviya,Kapur,23,Ahmedabad,2022-07-23
169,Madhavi,Wali,45,Jaipur,2022-06-06
170,Libni,Hayer,45,Nagpur,2023-01-18
171,Dayita,Balay,61,Nagpur,2022-06-15
172,Falak,Rattan,61,Delhi,2023-07-07
173,Vasatika,Halder,37,Kolkata,2023-06-28
174,Jhalak,Kumer,47,Mysuru,2022-01-01
175,Bhavini,Chacko,28,Ahmedabad,2023-09-06
176,Maanas,Oak,45,Chennai,2022-11-28
177,Sanya,Shah,42,Mumbai,2023-05-16
178,Ikshita,Patel,56,Bengaluru,2022-01-20
179,Damyanti,Iyer,50,Mysuru,2022-04-25
180,Pooja,Kadakia,18,Delhi,2023-01-07
181,Girindra,Prakash,44,Chennai,2022-11-11
182,Faraj,More,30,Pune,2022-09-03
183,Barkha,Kanda,58,Delhi,2022-03-01
184,Aarnav,Rajagopal,20,Hyderabad,2022-09-04
185,Jeevika,Soni,56,Bengaluru,2023-08-04
186,Yasti,Soni,23,Pune,2022-03-22
187,Aadhya,Madan,25,Mumbai,2022-03-29
188,Chatresh,Lall,44,Kolkata,2023-05-13
189,Upkaar,Karnik,26,Mumbai,2022-03-12
190,Yug,Arya,54,Ahmedabad,2023-06-30
191,Eesha,Sarin,50,Delhi,2022-05-09
192,Netra,Krishnamurthy,59,Delhi,2022-05-12
193,Fitan,Sethi,61,Ahmedabad,2023-11-07
194,Tejas,Kakar,41,Hyderabad,2023-05-02
195,Andrew,Barman,32,Bengaluru,2023-07-17
196,Qadim,Kapur,49,Bengaluru,2022-06-19
197,Balhaar,Handa,49,Kolkata,2022-09-29
198,Vihaan,Koshy,41,Delhi,2023-06-25
199,Gabriel,Sibal,58,Pune,2023-09-14
200,Lipika,Thaman,29,Chennai,2023-03-10
201,Megha,Tiwari,56,Bengaluru,2022-08-05
202,Yuvraj,Iyer,19,Bengaluru,2023-07-07
203,Chaman,Edwin,20,Hyderabad,2022-07-25
204,Dhruv,Saini,54,Delhi,2022-11-16
205,Peter,Wali,34,Hyderabad,2023-02-13
206,Kai,Ganesan,19,Hyderabad,2023-11-19
207,Upasna,Hegde,19,Lucknow,2023-10-28
208,Kala,Sarkar,45,Hyderabad,2023-01-18
209,Riya,Hans,40,Mumbai,2023-03-25
210,Charita,Pall,54,Jaipur,2023-06-14
211,Lakshit,Mangat,49,Hyderabad,2023-04-08
212,Ubika,Bumb,50,Delhi,2022-05-04
213,Finn,Srinivasan,18,Ahmedabad,2022-09-11
214,Azaan,Tara,36,Mysuru,2022-08-19
215,Aarnav,Pillay,19,Bengaluru,2022-03-07
216,Priya,Solanki,61,Coimbatore,2022-12-13
217,Vidhi,Gulati,43,Mumbai,2022-01-22
218,Warhi,Mukherjee,49,Chennai,2023-08-26
219,Ria,Srivastava,23,Mumbai,2023-07-22
220,Nimrat,Nath,49,Nagpur,2022-08-24
221,Ryan,Parmer,21,Mumbai,2023-08-26
222,Nitesh,Kuruvilla,28,Hyderabad,2022-08-14
223,Aadhya,Menon,34,Delhi,2022-01-08
224,Leela,Majumdar,55,Chennai,2022-03-14
225,Ayaan,Jhaveri,41,Bengaluru,2023-10-09
226,Radha,Kant,22,Bengaluru,2022-03-02
227,Max,Babu,51,Bengaluru,2022-08-23
228,Idika,Buch,23,Bengaluru,2022-03-11
229,Vritti,Khalsa,39,Bengaluru,2022-02-02
230,Nidhi,Shankar,28,Pune,2022-12-05
231,Yuvraj,Gokhale,33,Bengaluru,2022-03-14
232,Chandran,Chaudhuri,50,Hyderabad,2023-06-11
233,Janya,Kurian,26,Lucknow,2022-09-01
234,Ryan,Sahota,23,Mumbai,2022-10-13
235,Watika,Balasubramanian,33,Pune,2023-11-17
236,Owen,Chaudhary,46,Bengaluru,2023-05-13
237,Adya,Bhargava,20,Bengaluru,2022-08-08
238,Udant,Nayar,37,Bengaluru,2023-07-07
239,Ira,Dutt,53,Bengaluru,2022-05-16
240,Yauvani,Prakash,36,Chennai,2023-08-08
241,Rayaan,Ganguly,43,Bengaluru,2023-08-14
242,Ronith,Murthy,20,Bengaluru,2023-04-30
243,Nilima,Sheth,36,Bengaluru,2022-09-06
244,Chameli,Suri,37,Mumbai,2023-04-30
245,Nathan,Pandey,49,Chennai,2023-02-21
246,Vansha,Bhatia,24,Hyderabad,2022-07-14
247,Varenya,Biswas,58,Mumbai,2022-04-07
248,Deepa,Sanghvi,50,Pune,2022-04-10
249,Leela,Buch,57,Bengaluru,2023-11-06
250,Vrinda,Sama,56,Jaipur,2023-03-18
251,Eesha,Contractor,35,Delhi,2022-12-29
252,Ekaraj,Chander,57,Bengaluru,2023-03-10
253,Ganga,Kapoor,18,Ahmedabad,2023-02-25
254,Yashica,Lal,28,Coimbatore,2023-04-24
255,Krishna,Anand,45,Bengaluru,2022-02-25
256,Finn,Venkatesh,42,Chennai,2023-11-21
257,Anusha,Sanghvi,40,Jaipur,2023-11-01
258,Lakshmi,Mukherjee,48,Kolkata,2023-10-24
259,Shaurya,Lala,47,Bengaluru,2022-04-11
260,Osha,Lal,59,Chennai,2022-03-04
261,Mohammed,Soni,52,Hyderabad,2023-02-17
262,Jhalak,Khare,24,Mumbai,2022-12-14
263,Hema,Kant,33,Delhi,2022-04-22
264,Charvi,Chana,43,Hyderabad,2022-09-12
265,Yashoda,Pant,19,Mumbai,2022-07-16
266,Yug,Madan,18,Kolkata,2022-07-14
267,Tanvi,Singh,29,Bengaluru,2023-07-04
268,Nilima,Chhabra,22,Chennai,2023-04-05
269,Brinda,Reddy,54,Pune,2022-05-24
270,Reva,Johal,49,Lucknow,2023-03-09
271,Ekantika,Varghese,26,Mumbai,2022-07-07
272,Suhani,Patel,58,Mumbai,2022-10-13
273,Yasti,Apte,52,Bengaluru,2023-04-19
274,Dhruv,Madan,36,Mumbai,2022-09-13
275,Krish,Khatri,33,Mumbai,2022-03-19
276,Gagan,Chaudhry,20,Chennai,2023-03-30
277,Sarthak,Nair,37,Chennai,2023-07-18
278,Falan,Goswami,41,Hyderabad,2022-04-11
279,Aadhya,Saran,50,Bengaluru,2022-02-21
280,Jackson,Savant,41,Hyderabad,2023-10-30
281,Rajata,Wagle,28,Chennai,2023-07-08
282,Jalsa,Gera,25,Hyderabad,2022-01-16
283,Samesh,Virk,53,Bengaluru,2022-04-06
284,Lajita,Khurana,55,Lucknow,2022-08-31
285,Yahvi,De,57,Delhi,2022-06-20
286,Sai,Hari,37,Pune,2023-02-21
287,Samesh,Ravel,52,Jaipur,2023-05-13
288,Yochana,Dyal,42,Mumbai,2023-05-08
289,Lakshit,Bal,52,Bengaluru,2022-08-07
290,Januja,Deol,42,Mumbai,2023-02-15
291,Indira,Sant,46,Delhi,2022-03-02
292,Jalsa,Nath,35,Kolkata,2022-06-18
293,Alka,Dave,63,Hyderabad,2023-01-24
294,Ryan,Modi,35,Bengaluru,2022-01-03
295,Lajita,Agate,19,Chennai,2023-02-04
296,Pranav,Bora,52,Hyderabad,2022-09-29
297,Hamsini,Kothari,33,Pune,2023-04-11
298,Ria,Radhakrishnan,58,Delhi,2022-10-20
299,Lajita,Patla,53,Hyderabad,2023-03-10
300,Qasim,Zachariah,50,Nagpur,2023-07-24
301,Tanay,Sami,21,Delhi,2023-11-09
302,Aryan,Hans,50,Chennai,2023-05-14
303,Veda,Sheth,31,Bengaluru,2022-06-08
304,Chasmum,Murthy,38,Bengaluru,2022-07-14
305,Imaran,Dhar,37,Chennai,2022-10-31
306,Balveer,Bhandari,25,Bengaluru,2022-08-11
307,Urvi,Bhakta,24,Bengaluru,2022-03-01
308,Nitara,Kanda,20,Chennai,2023-08-17
309,Panini,Ram,34,Bengaluru,2023-07-10
310,Isaac,Doctor,50,Lucknow,2022-03-04
311,Faris,Minhas,29,Bengaluru,2022-11-18
312,Naveen,Deep,39,Mumbai,2022-02-28
313,Upadhriti,Devi,39,Hyderabad,2022-02-21
314,Naksh,Prasad,63,Nagpur,2023-08-22
315,Bhavini,Chada,47,Bengaluru,2023-05-04
316,Mohini,Peri,55,Hyderabad,2023-05-30
317,Ekta,Nath,55,Kochi,2023-06-28
318,Lekha,Zacharia,62,Ahmedabad,2022-06-11
319,Zayan,Dasgupta,25,Jaipur,2022-02-28
320,Wazir,Dixit,44,Chennai,2023-06-05
321,Rohan,Samra,44,Bengaluru,2022-03-24
322,Quincy,Dora,51,Pune,2022-07-10
323,Adya,Chand,38,Coimbatore,2022-03-12
324,Hemangini,Sarna,47,Delhi,2023-09-02
325,Pooja,Gera,50,Delhi,2022-03-11
326,Netra,Sachdeva,45,Chennai,2023-11-23
327,Maya,Banik,64,Kolkata,2022-08-29
328,Amaira,Baria,50,Bengaluru,2023-02-18
329,Neelima,Chacko,22,Hyderabad,2022-05-03
330,Ayushman,Natarajan,36,Hyderabad,2023-08-07
331,Jai,Natarajan,21,Mumbai,2022-09-10
332,Tripti,Bassi,52,Chennai,2023-08-16
333,Wishi,Chaudhry,34,Bengaluru,2023-09-01
334,Harinakshi,Toor,61,Delhi,2022-02-10
335,Zayan,Wable,45,Chennai,2023-09-27
336,Yashasvi,Nath,47,Delhi,2022-03-25
337,Orinder,Warrior,46,Bengaluru,2023-03-06
338,Jagdish,Lad,63,Mumbai,2023-11-05
339,Tanay,Venkatesh,23,Mumbai,2023-08-21
340,Gaurangi,Shanker,52,Bengaluru,2023-08-02
341,Zaid,Singh,58,Hyderabad,2023-06-20
342,Warjas,Samra,54,Bengaluru,2022-11-20
343,Akshay,Konda,41,Bengaluru,2022-09-25
344,Amaira,Mander,46,Nagpur,2022-07-29
345,Bhavika,Sinha,63,Hyderabad,2023-11-17
346,Maanas,Minhas,48,Jaipur,2022-11-18
347,Aashi,Gade,52,Chennai,2022-09-02
348,Advika,Kamdar,50,Pune,2022-09-29
349,Hema,Gupta,38,Kolkata,2023-02-10
350,Kala,Patla,49,Delhi,2022-05-15
351,Yashoda,Brahmbhatt,40,Mumbai,2023-11-19
352,Kabir,Gandhi,50,Hyderabad,2023-10-23
353,Hema,Deol,20,Hyderabad,2022-11-04
354,Amrita,Dhillon,35,Coimbatore,2023-04-14
355,Ranbir,Lal,42,Ahmedabad,2022-11-20
356,Niharika,Chandran,59,Kochi,2022-03-16
357,Jyoti,Prakash,48,Bengaluru,2022-01-10
358,Meera,Contractor,20,Kolkata,2023-04-15
359,Ishanvi,Shankar,57,Coimbatore,2023-09-29
360,Zashil,Kuruvilla,63,Bengaluru,2023-07-31
361,Upadhriti,Shan,41,Bengaluru,2022-04-13
362,Dakshesh,Dhaliwal,49,Kolkata,2022-03-17
363,Urmi,Manda,64,Delhi,2023-07-05
364,Chandani,Chana,39,Ahmedabad,2022-08-07
365,Januja,Bera,40,Bengaluru,2023-06-03
366,Utkarsh,Vala,19,Jaipur,2022-09-29
367,Barkha,Din,44,Chennai,2022-05-16
368,Mitali,Kalita,59,Bengaluru,2022-12-24
369,Isaiah,Patil,19,Bengaluru,2022-03-12
370,Mason,Dora,43,Jaipur,2022-09-08
371,Laban,Bhatnagar,34,Pune,2023-01-14
372,Hema,Subramanian,57,Mumbai,2022-10-19
373,Saumya,Varughese,50,Hyderabad,2022-06-11
374,Vansha,Randhawa,26,Ahmedabad,2023-03-25
375,Advaith,Sami,60,Hyderabad,2023-07-11
376,Pranav,Raman,56,Jaipur,2022-11-06
377,Aishani,Magar,46,Hyderabad,2023-09-19
378,Patrick,Upadhyay,59,Hyderabad,2023-11-01
379,Manthan,Brar,43,Mumbai,2023-06-26
380,Nitara,Sharma,52,Chennai,2022-01-09
381,Vincent,Nayar,42,Kolkata,2023-11-15
382,Yahvi,Dar,41,Mumbai,2023-07-22
383,Sara,Venkataraman,30,Chennai,2022-11-03
384,Amara,Mandal,24,Lucknow,2023-11-11
385,Karan,Prabhu,53,Hyderabad,2022-04-17
386,Benjamin,Varkey,62,Delhi,2022-05-18
387,Yatan,Gour,37,Lucknow,2022-09-28
388,Aarush,Memon,18,Delhi,2022-04-29
389,Ekantika,Kadakia,25,Bengaluru,2022-04-20
390,Veer,Chada,63,Coimbatore,2023-07-21
391,Vasatika,Khare,33,Delhi,2022-06-09
392,Warda,Sen,31,Hyderabad,2022-10-06
393,Harinakshi,Handa,29,Bengaluru,2022-10-16
394,Ati,Kumar,40,Jaipur,2023-09-12
395,Samar,Pandey,32,Delhi,2022-08-04
396,Mahika,Setty,45,Mumbai,2022-12-18
397,Samuel,Walla,51,Lucknow,2022-07-28
398,Barkha,Kuruvilla,19,Jaipur,2023-10-12
399,Harita,Srivastava,49,Bengaluru,2022-09-28
400,Jagvi,Khosla,40,Chennai,2023-06-02
401,Kai,Soman,39,Chennai,2023-05-16
402,Samar,Thakkar,42,Kolkata,2022-09-15
403,Gunbir,Mody,39,Bengaluru,2022-02-22
404,Tanay,Saraf,39,Delhi,2022-04-05
405,Laban,More,59,Kolkata,2023-10-12
406,Sai,Nanda,23,Ahmedabad,2023-03-10
407,Janya,Bobal,32,Hyderabad,2022-10-11
408,Caleb,Deo,60,Jaipur,2022-02-15
409,Zarna,Thakur,54,Bengaluru,2022-01-04
410,Mohini,Anne,50,Ahmedabad,2022-12-08
411,Fiyaz,Rastogi,25,Bengaluru,2022-05-14
412,Gautam,Ghosh,61,Hyderabad,2023-10-15
413,Irya,Agrawal,61,Jaipur,2022-09-26
414,Abha,Lad,22,Bengaluru,2022-06-15
415,Anirudh,Kurian,56,Chennai,2023-03-29
416,Gaurang,Bassi,21,Kolkata,2023-07-19
417,Frado,Sangha,23,Kolkata,2023-03-14
418,Vihaan,Saraf,62,Pune,2023-07-29
419,David,Grewal,49,Pune,2022-01-10
420,Eiravati,Shan,47,Delhi,2022-04-25
421,Indrajit,Goyal,64,Chennai,2022-03-19
422,Gayathri,Padmanabhan,52,Hyderabad,2022-06-02
423,Anya,Kalla,57,Bengaluru,2023-07-13
424,Unni,Khalsa,33,Lucknow,2022-02-06
425,Barkha,Bala,30,Delhi,2023-01-14
426,Veer,Kala,59,Hyderabad,2023-08-20
427,Advik,Borah,47,Mumbai,2023-07-20
428,Upma,Anand,36,Mysuru,2022-06-01
429,Tejas,Dugar,34,Bengaluru,2023-03-17
430,Hredhaan,Agarwal,36,Delhi,2022-05-11
431,Arjun,Balakrishnan,45,Mumbai,2022-02-12
432,Hema,Kant,43,Delhi,2022-11-12
433,Kavya,Comar,54,Bengaluru,2023-01-09
434,Vritti,Ramaswamy,43,Ahmedabad,2022-02-10
435,Kiaan,Balay,40,Coimbatore,2023-01-02
436,Aarna,Murthy,26,Delhi,2022-08-04
437,Viraj,Wable,29,Pune,2023-11-30
438,Abeer,Bal,18,Coimbatore,2022-09-13
439,Mitali,Bora,18,Pune,2023-11-14
440,Aayush,Mangat,64,Bengaluru,2022-04-16
441,Qasim,Raj,51,Delhi,2022-12-29
442,Chakradev,Rama,49,Delhi,2023-07-28
443,Mason,Memon,42,Hyderabad,2023-02-21
444,Aayush,Dhingra,57,Kolkata,2023-09-28
445,Arin,Mitra,62,Coimbatore,2022-06-08
446,Balendra,Chaudry,18,Coimbatore,2022-08-31
447,Mason,Kade,33,Mumbai,2022-06-16
448,Fariq,Babu,56,Bengaluru,2022-07-01
449,Ikshita,Palla,22,Nagpur,2023-02-27
450,Oliver,Zacharia,39,Ahmedabad,2022-01-26
451,Upma,Banerjee,46,Bengaluru,2022-07-03
452,Jeet,Rastogi,20,Coimbatore,2022-12-07
453,Ekapad,Buch,29,Ahmedabad,2023-02-26
454,Irya,Rattan,43,Mumbai,2023-11-17
455,Frederick,Rao,33,Delhi,2022-09-12
456,Dalbir,Doctor,54,Hyderabad,2022-10-01
457,Tanmayi,Bera,39,Bengaluru,2022-06-13
458,Rushil,Seshadri,46,Hyderabad,2022-04-21
459,Ridhi,Ghose,31,Jaipur,2023-01-27
460,Upadhriti,Purohit,45,Bengaluru,2022-02-09
461,Divya,Goyal,22,Hyderabad,2023-04-27
462,David,Gara,64,Hyderabad,2022-08-16
463,Rachit,Garde,47,Mumbai,2022-07-24
464,Pallavi,Dugal,63,Lucknow,2023-04-17
465,Sanya,Agarwal,22,Hyderabad,2022-12-25
466,Yuvraj,Bakshi,29,Hyderabad,2022-11-09
467,Yashvi,Sodhi,33,Kolkata,2022-08-22
468,Eshana,Chadha,43,Mumbai,2022-08-17
469,Mitesh,Dutta,43,Chennai,2022-01-25
470,Edhitha,Bahri,38,Mumbai,2023-11-07
471,Maanav,Desai,56,Bengaluru,2022-07-17
472,Aarnav,Om,53,Bengaluru,2023-02-13
473,Pooja,Bobal,50,Mumbai,2022-12-03
474,Jagdish,Kothari,47,Hyderabad,2022-10-13
475,Nathaniel,Wali,54,Lucknow,2022-03-13
476,Wazir,Bath,40,Hyderabad,2022-10-13
477,Zinal,Mandal,27,Delhi,2022-12-26
478,Ayushman,Raj,22,Delhi,2023-10-19
479,Bishakha,Bhargava,53,Bengaluru,2023-06-06
480,Ishita,Kari,51,Pune,2023-02-14
481,Logan,Vyas,48,Bengaluru,2023-11-27
482,Mugdha,Sarin,27,Kochi,2023-07-04
483,Janya,Pradhan,36,Bengaluru,2022-12-06
484,Chanchal,Suresh,49,Hyderabad,2022-01-29
485,Pavani,Kunda,18,Bengaluru,2022-04-29
486,Janya,Sangha,22,Nagpur,2022-09-25
487,Manan,Naik,62,Mumbai,2022-07-02
488,Daksh,Char,21,Delhi,2023-08-18
489,Lavanya,Datta,33,Bengaluru,2022-09-29
490,Tanish,Subramanian,41,Kolkata,2022-02-09
491,Utkarsh,Vala,33,Chennai,2022-04-22
492,Garima,Nayar,19,Lucknow,2023-09-03
493,Guneet,Yogi,45,Chennai,2023-03-21
494,Bakhshi,Narayanan,49,Bengaluru,2022-12-20
495,Falan,Yogi,44,Bengaluru,2022-11-18
496,Teerth,Shankar,37,Mumbai,2023-03-23
497,Parth,Comar,41,Delhi,2023-09-13
498,Madhav,Iyengar,29,Bengaluru,2023-06-08
499,Abdul,Johal,52,Kolkata,2022-04-29
500,Wahab,Dugar,50,Mumbai,2023-01-30
