order_item_id,order_id,product_id,quantity,discount_percent
1,1,30,1,0.0
2,2,1,1,10.0
3,3,25,1,0.0
4,4,21,1,0.0
5,5,17,1,0.0
6,5,12,1,20.0
7,6,40,2,20.0
8,6,22,1,30.0
9,6,24,4,0.0
10,7,24,1,0.0
11,8,18,1,10.0
12,8,29,1,0.0
13,9,15,1,0.0
14,10,18,4,0.0
15,11,36,3,0.0
16,12,25,3,30.0
17,12,13,2,5.0
18,13,12,1,0.0
19,13,27,1,0.0
20,14,34,3,0.0
21,15,21,1,25.0
22,15,32,1,5.0
23,15,20,1,0.0
24,16,4,1,0.0
25,16,14,2,0.0
26,17,7,1,0.0
27,17,29,1,0.0
28,17,22,1,0.0
29,17,17,1,5.0
30,18,27,1,30.0
31,19,39,1,0.0
32,19,13,1,0.0
33,19,37,4,15.0
34,20,23,1,0.0
35,20,21,2,0.0
36,21,29,2,0.0
37,22,25,2,30.0
38,22,40,1,0.0
39,23,11,1,0.0
40,23,22,1,0.0
41,23,27,1,0.0
42,24,5,1,15.0
43,25,15,4,0.0
44,25,21,1,0.0
45,25,19,1,0.0
46,26,29,1,0.0
47,27,24,4,0.0
48,28,34,1,0.0
49,29,27,3,5.0
50,30,9,4,0.0
51,30,16,2,0.0
52,31,6,1,20.0
53,32,7,1,0.0
54,32,5,2,0.0
55,33,4,1,20.0
56,34,34,2,25.0
57,34,6,2,30.0
58,35,25,1,0.0
59,36,16,1,0.0
60,37,29,1,0.0
61,38,9,1,0.0
62,39,11,1,30.0
63,40,23,1,0.0
64,41,21,2,0.0
65,42,30,1,0.0
66,43,35,2,0.0
67,44,36,2,0.0
68,44,29,2,0.0
69,44,9,1,25.0
70,45,30,2,0.0
71,45,37,1,0.0
72,46,35,1,0.0
73,47,23,1,5.0
74,47,31,2,0.0
75,47,35,1,0.0
76,48,17,1,5.0
77,49,1,3,0.0
78,50,9,1,25.0
79,50,23,3,20.0
80,51,31,5,20.0
81,52,19,1,0.0
82,53,1,1,0.0
83,54,13,2,0.0
84,55,36,2,30.0
85,55,28,1,0.0
86,55,26,1,0.0
87,56,25,1,5.0
88,57,28,1,0.0
89,57,16,1,0.0
90,58,40,5,0.0
91,59,18,1,30.0
92,60,35,1,0.0
93,60,18,1,0.0
94,61,12,2,5.0
95,62,30,2,0.0
96,62,40,5,0.0
97,63,32,1,0.0
98,63,13,1,25.0
99,64,2,2,0.0
100,64,12,1,10.0
101,65,29,1,10.0
102,65,1,1,10.0
103,66,22,1,0.0
104,67,32,2,0.0
105,68,30,1,0.0
106,68,3,1,0.0
107,69,10,1,20.0
108,70,5,2,0.0
109,70,35,2,15.0
110,71,25,1,30.0
111,71,1,1,20.0
112,72,16,1,0.0
113,73,3,1,0.0
114,73,13,1,0.0
115,73,30,3,0.0
116,73,7,4,0.0
117,74,20,1,30.0
118,74,21,1,25.0
119,75,34,1,20.0
120,76,20,1,5.0
121,77,14,1,0.0
122,77,8,2,0.0
123,77,16,2,15.0
124,78,38,2,10.0
125,79,1,1,0.0
126,80,38,1,0.0
127,80,31,5,5.0
128,81,16,2,5.0
129,82,40,1,0.0
130,83,4,2,30.0
131,84,10,3,10.0
132,84,35,1,0.0
133,84,7,2,0.0
134,85,23,2,0.0
135,85,29,1,20.0
136,86,23,3,5.0
137,86,9,1,0.0
138,87,29,2,0.0
139,87,36,1,0.0
140,87,19,1,0.0
141,88,35,1,0.0
142,89,30,1,0.0
143,89,18,3,0.0
144,89,39,3,10.0
145,90,29,3,15.0
146,91,35,2,0.0
147,91,24,2,0.0
148,91,30,5,0.0
149,91,1,2,0.0
150,92,40,3,0.0
151,93,40,2,0.0
152,93,16,1,25.0
153,94,25,1,0.0
154,94,13,4,0.0
155,95,36,1,15.0
156,96,21,1,0.0
157,97,21,4,30.0
158,97,8,3,10.0
159,98,12,1,0.0
160,99,13,4,5.0
161,99,7,1,0.0
162,99,32,1,0.0
163,100,32,3,0.0
164,101,38,1,10.0
165,101,17,1,0.0
166,102,5,1,0.0
167,102,1,1,0.0
168,102,14,2,0.0
169,103,30,1,0.0
170,104,4,3,0.0
171,104,24,3,0.0
172,104,36,3,0.0
173,105,4,3,5.0
174,105,40,1,0.0
175,106,20,5,0.0
176,106,5,1,0.0
177,107,7,1,10.0
178,108,35,1,0.0
179,109,13,5,0.0
180,109,34,1,0.0
181,109,16,1,0.0
182,110,36,3,0.0
183,111,7,1,0.0
184,112,37,1,0.0
185,113,30,3,0.0
186,114,28,2,10.0
187,114,7,1,0.0
188,115,33,2,0.0
189,115,22,1,0.0
190,116,39,1,0.0
191,116,29,3,0.0
192,117,36,5,0.0
193,118,21,2,0.0
194,119,27,2,0.0
195,119,28,1,0.0
196,120,16,2,0.0
197,121,14,1,0.0
198,122,36,1,0.0
199,122,17,1,0.0
200,123,26,1,5.0
201,124,19,2,10.0
202,124,39,3,0.0
203,125,20,1,0.0
204,125,1,1,30.0
205,125,15,1,0.0
206,125,14,1,0.0
207,126,33,1,0.0
208,126,36,1,5.0
209,126,37,1,0.0
210,127,10,2,25.0
211,127,9,1,15.0
212,128,20,1,0.0
213,128,6,1,5.0
214,128,37,3,0.0
215,128,26,1,0.0
216,129,12,5,0.0
217,129,32,2,30.0
218,129,37,2,0.0
219,130,37,4,0.0
220,131,4,2,0.0
221,131,22,4,0.0
222,132,27,3,0.0
223,132,8,1,0.0
224,132,15,5,0.0
225,132,39,2,25.0
226,133,3,2,0.0
227,133,21,1,0.0
228,133,35,1,0.0
229,134,10,2,0.0
230,134,4,1,0.0
231,135,29,1,0.0
232,135,39,3,20.0
233,136,19,1,0.0
234,137,10,1,5.0
235,138,31,1,0.0
236,139,4,4,0.0
237,140,17,1,0.0
238,140,6,5,0.0
239,140,26,1,10.0
240,141,31,2,20.0
241,141,36,1,0.0
242,142,13,1,0.0
243,143,34,2,5.0
244,144,18,1,0.0
245,145,21,1,0.0
246,146,37,1,20.0
247,146,6,3,0.0
248,147,23,1,15.0
249,148,39,1,0.0
250,148,2,2,15.0
251,149,40,1,0.0
252,149,29,1,0.0
253,150,15,1,15.0
254,151,10,1,0.0
255,152,6,1,5.0
256,153,16,2,0.0
257,153,40,1,0.0
258,154,19,3,30.0
259,155,8,3,0.0
260,155,20,1,10.0
261,156,35,1,25.0
262,156,14,1,0.0
263,157,36,1,0.0
264,158,10,1,0.0
265,159,2,4,0.0
266,159,25,1,0.0
267,160,3,1,5.0
268,161,19,1,0.0
269,161,13,5,0.0
270,162,4,1,0.0
271,163,1,3,0.0
272,163,5,1,30.0
273,164,24,5,0.0
274,165,2,3,30.0
275,166,25,2,20.0
276,167,33,1,0.0
277,167,7,3,0.0
278,168,39,1,0.0
279,169,12,1,0.0
280,169,13,2,0.0
281,170,2,1,25.0
282,171,20,1,0.0
283,172,26,2,0.0
284,173,2,3,25.0
285,173,23,1,5.0
286,173,20,1,0.0
287,174,25,1,0.0
288,175,2,1,0.0
289,175,36,1,15.0
290,176,26,1,0.0
291,176,9,1,0.0
292,176,6,1,0.0
293,177,15,3,0.0
294,178,37,1,15.0
295,179,39,1,0.0
296,180,35,3,30.0
297,181,9,2,0.0
298,181,38,1,10.0
299,181,35,3,0.0
300,182,34,1,0.0
301,182,9,2,0.0
302,183,10,1,0.0
303,184,37,1,0.0
304,184,11,2,0.0
305,185,8,3,10.0
306,186,2,3,0.0
307,186,21,1,0.0
308,186,27,1,0.0
309,186,20,1,0.0
310,187,18,1,10.0
311,188,7,1,25.0
312,188,9,5,0.0
313,189,39,1,0.0
314,190,15,4,0.0
315,191,15,3,0.0
316,191,2,4,0.0
317,192,31,1,0.0
318,192,9,1,0.0
319,193,24,1,0.0
320,193,12,1,0.0
321,194,9,5,20.0
322,194,11,2,0.0
323,194,13,2,15.0
324,195,27,1,0.0
325,195,15,1,0.0
326,196,14,2,20.0
327,196,5,1,0.0
328,197,32,1,0.0
329,197,21,1,0.0
330,197,30,2,0.0
331,198,39,1,0.0
332,199,25,2,0.0
333,200,26,2,0.0
334,201,37,1,0.0
335,201,39,5,0.0
336,202,3,5,0.0
337,203,29,5,0.0
338,203,30,1,10.0
339,204,34,1,0.0
340,205,3,2,0.0
341,206,34,2,0.0
342,207,4,1,20.0
343,208,26,1,0.0
344,208,20,2,10.0
345,209,28,3,0.0
346,209,19,1,25.0
347,210,10,5,0.0
348,210,30,2,0.0
349,211,33,2,25.0
350,212,35,2,0.0
351,212,9,1,0.0
352,213,2,3,25.0
353,214,13,2,0.0
354,215,6,1,30.0
355,216,11,1,0.0
356,217,8,3,30.0
357,217,6,2,0.0
358,217,29,1,0.0
359,217,24,2,0.0
360,218,11,2,0.0
361,218,25,1,10.0
362,219,22,2,0.0
363,219,37,5,0.0
364,220,11,2,0.0
365,221,12,1,0.0
366,221,4,1,0.0
367,222,29,1,10.0
368,223,8,2,0.0
369,224,13,2,0.0
370,224,1,4,20.0
371,225,32,1,0.0
372,226,35,1,0.0
373,226,1,1,0.0
374,227,14,1,0.0
375,228,31,1,0.0
376,228,30,1,0.0
377,228,27,1,25.0
378,229,18,1,0.0
379,229,40,2,0.0
380,230,14,1,10.0
381,231,4,1,5.0
382,231,23,1,0.0
383,232,39,4,5.0
384,233,4,2,10.0
385,234,11,1,0.0
386,235,40,4,0.0
387,236,39,1,0.0
388,237,36,1,20.0
389,238,38,2,0.0
390,239,3,1,15.0
391,240,21,1,0.0
392,240,24,1,0.0
393,241,28,2,0.0
394,242,5,1,10.0
395,243,8,2,0.0
396,244,18,2,0.0
397,245,27,2,0.0
398,245,34,1,0.0
399,245,14,1,30.0
400,246,34,1,0.0
401,247,31,2,0.0
402,248,39,1,0.0
403,249,19,2,0.0
404,249,28,1,0.0
405,250,34,1,0.0
406,250,37,2,25.0
407,250,40,2,0.0
408,251,32,2,0.0
409,251,12,1,15.0
410,252,13,2,5.0
411,253,30,3,0.0
412,254,8,1,0.0
413,255,14,1,0.0
414,256,27,2,0.0
415,256,3,2,0.0
416,257,14,3,0.0
417,257,1,3,5.0
418,257,13,1,0.0
419,258,33,1,0.0
420,258,36,1,30.0
421,259,22,1,0.0
422,259,26,1,0.0
423,260,2,1,0.0
424,261,13,1,0.0
425,261,22,1,0.0
426,261,31,1,0.0
427,262,31,4,20.0
428,263,35,1,0.0
429,264,30,4,0.0
430,264,27,2,25.0
431,265,20,1,0.0
432,265,37,1,25.0
433,265,21,1,0.0
434,266,23,1,5.0
435,266,5,1,0.0
436,266,10,1,0.0
437,267,35,1,0.0
438,268,37,1,0.0
439,268,39,2,0.0
440,268,25,2,0.0
441,268,12,1,0.0
442,269,21,1,0.0
443,270,18,2,0.0
444,271,32,1,0.0
445,272,24,4,0.0
446,272,29,3,0.0
447,273,34,2,5.0
448,273,20,1,0.0
449,273,12,2,0.0
450,274,29,2,0.0
451,275,31,1,15.0
452,275,33,2,0.0
453,276,34,1,5.0
454,276,20,3,0.0
455,276,21,1,0.0
456,277,9,1,0.0
457,277,14,1,0.0
458,278,34,3,0.0
459,278,8,2,25.0
460,278,1,1,0.0
461,279,22,1,30.0
462,279,30,3,0.0
463,279,3,1,15.0
464,280,14,2,0.0
465,281,13,1,25.0
466,282,21,1,0.0
467,283,8,1,10.0
468,284,18,1,25.0
469,285,36,1,25.0
470,285,33,4,0.0
471,286,21,1,0.0
472,286,18,2,0.0
473,286,10,3,0.0
474,287,11,2,0.0
475,287,5,1,0.0
476,287,20,2,5.0
477,287,40,2,0.0
478,288,4,1,0.0
479,288,7,3,20.0
480,289,12,1,0.0
481,289,39,1,0.0
482,289,38,1,0.0
483,289,29,3,0.0
484,290,35,2,0.0
485,290,6,1,0.0
486,291,30,1,30.0
487,291,37,1,0.0
488,292,30,5,0.0
489,292,20,4,0.0
490,293,30,1,0.0
491,293,31,1,25.0
492,293,15,2,15.0
493,294,26,1,0.0
494,294,12,1,0.0
495,294,22,1,0.0
496,295,2,1,0.0
497,295,5,1,0.0
498,296,30,1,0.0
499,297,19,1,0.0
500,297,23,2,0.0
501,297,39,2,0.0
502,298,7,1,0.0
503,298,21,5,0.0
504,298,36,2,0.0
505,299,26,4,0.0
506,299,38,1,0.0
507,299,27,1,0.0
508,299,16,1,0.0
509,300,22,1,0.0
510,300,14,1,0.0
511,301,28,1,0.0
512,302,22,1,0.0
513,303,16,1,30.0
514,304,5,1,0.0
515,305,37,1,0.0
516,305,32,1,0.0
517,305,8,1,0.0
518,306,29,3,0.0
519,306,12,3,5.0
520,306,20,2,0.0
521,307,39,1,0.0
522,308,25,4,0.0
523,309,4,2,10.0
524,309,6,1,0.0
525,310,1,1,0.0
526,310,10,1,0.0
527,310,29,1,0.0
528,311,13,1,0.0
529,311,14,3,0.0
530,312,37,2,0.0
531,313,20,1,0.0
532,313,28,3,0.0
533,314,6,2,25.0
534,314,38,3,0.0
535,315,9,1,25.0
536,315,19,2,0.0
537,316,1,1,0.0
538,317,23,2,15.0
539,318,2,1,0.0
540,318,16,2,0.0
541,319,21,1,0.0
542,319,25,1,0.0
543,319,26,2,0.0
544,320,31,2,25.0
545,321,25,1,0.0
546,322,24,2,30.0
547,322,27,3,5.0
548,323,5,2,0.0
549,323,2,2,0.0
550,323,10,1,0.0
551,324,9,1,20.0
552,324,6,3,0.0
553,325,39,2,0.0
554,326,40,2,25.0
555,327,28,1,0.0
556,327,36,3,20.0
557,327,29,1,0.0
558,328,37,3,0.0
559,328,32,1,25.0
560,329,18,1,0.0
561,329,27,1,0.0
562,329,35,4,0.0
563,329,37,1,0.0
564,330,8,4,30.0
565,330,38,1,0.0
566,330,31,1,0.0
567,330,6,1,0.0
568,331,18,1,0.0
569,332,6,1,0.0
570,333,40,5,20.0
571,334,5,2,0.0
572,334,35,1,15.0
573,334,38,3,0.0
574,335,1,2,0.0
575,336,33,1,0.0
576,336,31,2,0.0
577,336,37,3,0.0
578,336,22,4,5.0
579,337,39,1,0.0
580,337,20,1,0.0
581,338,4,2,0.0
582,339,38,3,5.0
583,340,19,1,0.0
584,341,40,2,20.0
585,342,6,1,5.0
586,343,18,1,25.0
587,344,18,3,15.0
588,345,1,1,0.0
589,345,8,3,0.0
590,346,10,2,30.0
591,346,29,1,10.0
592,346,24,3,0.0
593,346,12,4,0.0
594,347,22,1,0.0
595,347,6,2,0.0
596,348,10,1,0.0
597,348,32,1,0.0
598,349,25,2,0.0
599,349,16,1,25.0
600,349,29,2,0.0
601,350,23,1,15.0
602,351,8,1,20.0
603,351,4,1,0.0
604,352,31,1,0.0
605,352,35,1,0.0
606,352,15,5,25.0
607,352,25,2,0.0
608,353,1,3,0.0
609,353,19,1,0.0
610,354,21,1,0.0
611,354,34,3,25.0
612,355,23,2,0.0
613,355,28,1,0.0
614,356,18,2,0.0
615,357,18,2,25.0
616,357,7,1,0.0
617,358,16,2,0.0
618,358,38,3,0.0
619,359,12,4,0.0
620,359,21,3,0.0
621,360,5,2,0.0
622,360,1,4,0.0
623,361,29,3,15.0
624,361,23,2,5.0
625,362,2,1,25.0
626,362,40,1,0.0
627,363,14,2,0.0
628,363,39,2,30.0
629,363,8,4,0.0
630,363,6,2,0.0
631,364,12,2,0.0
632,364,8,2,20.0
633,365,5,1,0.0
634,366,18,1,0.0
635,367,21,1,5.0
636,367,17,1,5.0
637,368,25,1,0.0
638,369,4,3,0.0
639,369,17,2,20.0
640,370,5,1,0.0
641,371,13,1,0.0
642,372,12,1,0.0
643,373,7,3,20.0
644,374,14,1,0.0
645,375,7,1,5.0
646,375,29,1,30.0
647,375,17,2,20.0
648,376,2,2,30.0
649,376,32,1,5.0
650,377,25,1,30.0
651,378,22,3,0.0
652,379,37,1,0.0
653,379,1,2,0.0
654,380,32,3,0.0
655,381,26,1,0.0
656,382,5,2,20.0
657,382,35,2,0.0
658,383,31,1,25.0
659,384,23,1,0.0
660,385,20,1,0.0
661,385,26,1,0.0
662,385,4,2,25.0
663,386,22,2,20.0
664,387,19,1,0.0
665,387,13,4,0.0
666,387,12,2,0.0
667,388,20,1,0.0
668,389,7,2,0.0
669,390,23,3,30.0
670,390,32,5,0.0
671,391,13,2,5.0
672,391,9,1,0.0
673,392,38,1,0.0
674,392,16,2,25.0
675,393,20,1,0.0
676,394,29,1,0.0
677,395,2,1,0.0
678,395,3,2,0.0
679,396,3,2,0.0
680,397,14,1,0.0
681,398,34,1,0.0
682,398,30,1,0.0
683,399,35,1,25.0
684,400,15,1,10.0
685,400,5,2,0.0
686,401,2,1,30.0
687,401,31,5,0.0
688,401,40,1,30.0
689,402,4,2,0.0
690,402,20,2,25.0
691,403,11,1,5.0
692,403,38,1,25.0
693,404,40,1,10.0
694,405,28,1,0.0
695,406,26,2,0.0
696,407,37,4,0.0
697,407,35,1,0.0
698,407,9,2,5.0
699,408,38,1,15.0
700,408,12,1,20.0
701,408,22,4,15.0
702,409,36,1,0.0
703,409,11,1,0.0
704,410,3,3,30.0
705,411,40,1,0.0
706,411,25,1,20.0
707,412,6,2,5.0
708,412,1,1,0.0
709,413,38,1,0.0
710,413,19,1,0.0
711,413,27,2,0.0
712,414,9,3,30.0
713,415,18,2,0.0
714,415,34,1,10.0
715,416,40,1,0.0
716,417,39,2,0.0
717,417,12,3,0.0
718,418,6,4,0.0
719,418,20,2,10.0
720,419,13,1,25.0
721,420,7,1,0.0
722,420,40,1,0.0
723,421,35,3,30.0
724,421,33,1,0.0
725,422,18,3,10.0
726,422,4,1,0.0
727,423,31,1,0.0
728,424,11,2,15.0
729,424,3,3,20.0
730,425,17,1,0.0
731,425,22,1,0.0
732,426,30,1,5.0
733,426,3,1,0.0
734,427,12,1,5.0
735,428,32,1,0.0
736,429,5,1,0.0
737,430,29,3,0.0
738,430,38,1,0.0
739,431,21,1,0.0
740,431,15,1,0.0
741,432,7,2,0.0
742,432,16,3,0.0
743,432,27,1,20.0
744,433,38,3,0.0
745,434,28,1,25.0
746,435,30,3,0.0
747,435,12,3,30.0
748,436,13,3,0.0
749,437,18,1,10.0
750,438,3,1,10.0
751,438,37,1,20.0
752,439,30,1,15.0
753,439,27,1,15.0
754,440,39,1,30.0
755,441,40,2,0.0
756,442,37,1,0.0
757,442,36,3,25.0
758,443,32,1,0.0
759,444,14,1,0.0
760,444,38,5,30.0
761,444,31,1,0.0
762,445,16,1,0.0
763,445,21,1,25.0
764,446,10,2,0.0
765,447,1,4,0.0
766,447,27,1,20.0
767,448,33,1,25.0
768,449,26,3,0.0
769,449,31,1,0.0
770,450,7,1,0.0
771,450,29,2,5.0
772,451,27,1,0.0
773,451,14,1,5.0
774,451,9,5,30.0
775,452,20,2,0.0
776,452,11,1,0.0
777,452,30,1,20.0
778,453,30,3,0.0
779,453,9,2,0.0
780,454,24,1,0.0
781,455,1,1,0.0
782,456,5,1,0.0
783,457,22,1,0.0
784,458,19,1,0.0
785,458,28,1,0.0
786,459,40,1,0.0
787,460,14,1,0.0
788,460,6,2,0.0
789,461,4,2,0.0
790,461,33,1,15.0
791,461,24,3,0.0
792,462,3,1,0.0
793,462,24,1,0.0
794,463,5,1,15.0
795,463,36,1,5.0
796,463,14,2,0.0
797,464,38,1,0.0
798,464,14,1,0.0
799,464,15,1,0.0
800,465,28,1,15.0
801,465,18,1,0.0
802,466,32,1,0.0
803,466,33,2,0.0
804,466,34,1,0.0
805,467,35,2,0.0
806,468,29,1,0.0
807,469,5,2,20.0
808,470,6,5,5.0
809,470,26,1,15.0
810,470,12,1,10.0
811,471,32,3,10.0
812,472,34,4,0.0
813,473,2,5,30.0
814,474,35,3,0.0
815,474,9,1,0.0
816,474,31,1,0.0
817,475,19,1,5.0
818,476,15,1,0.0
819,477,34,2,0.0
820,478,27,1,0.0
821,478,38,5,0.0
822,479,21,1,0.0
823,480,34,3,0.0
824,481,29,1,0.0
825,482,37,1,0.0
826,482,9,2,0.0
827,483,17,5,0.0
828,483,15,1,5.0
829,483,31,1,15.0
830,484,30,1,0.0
831,485,40,1,0.0
832,486,35,4,5.0
833,486,19,1,15.0
834,486,12,1,0.0
835,486,10,1,0.0
836,487,24,2,25.0
837,488,3,3,0.0
838,488,21,2,20.0
839,489,35,2,0.0
840,489,11,1,5.0
841,490,26,1,0.0
842,490,32,1,0.0
843,491,21,1,30.0
844,492,35,1,0.0
845,492,33,1,15.0
846,492,22,1,0.0
847,493,37,1,0.0
848,493,10,4,0.0
849,494,29,2,0.0
850,494,22,2,0.0
851,494,8,1,25.0
852,495,8,2,0.0
853,496,26,1,0.0
854,497,15,1,0.0
855,497,29,4,0.0
856,498,39,2,0.0
857,499,38,2,15.0
858,499,34,1,5.0
859,500,35,3,0.0
860,500,29,1,0.0
861,501,33,1,0.0
862,502,32,1,0.0
863,502,21,4,0.0
864,503,4,1,0.0
865,504,24,2,20.0
866,504,26,3,0.0
867,505,24,1,0.0
868,505,1,1,0.0
869,505,19,1,0.0
870,505,23,2,30.0
871,506,29,1,30.0
872,506,27,1,0.0
873,506,19,1,0.0
874,507,27,1,0.0
875,507,9,1,15.0
876,507,38,1,0.0
877,508,34,2,0.0
878,508,22,2,0.0
879,508,5,1,0.0
880,509,1,2,0.0
881,509,27,5,10.0
882,510,36,1,0.0
883,511,37,1,0.0
884,512,9,1,0.0
885,512,13,1,20.0
886,512,12,1,15.0
887,513,38,1,0.0
888,514,36,1,0.0
889,515,15,1,0.0
890,515,2,1,15.0
891,516,31,2,30.0
892,516,8,2,0.0
893,516,19,1,15.0
894,516,27,1,0.0
895,517,5,1,0.0
896,518,24,4,0.0
897,519,37,1,0.0
898,520,17,1,0.0
899,520,31,2,0.0
900,521,24,2,0.0
901,521,33,5,15.0
902,522,11,1,0.0
903,523,10,2,0.0
904,523,21,1,10.0
905,523,30,4,15.0
906,524,27,4,0.0
907,525,23,1,15.0
908,526,34,1,30.0
909,526,5,1,5.0
910,526,33,1,0.0
911,527,11,3,30.0
912,527,35,2,0.0
913,527,21,2,25.0
914,527,20,3,0.0
915,528,10,1,25.0
916,529,19,1,0.0
917,529,24,1,0.0
918,530,11,1,10.0
919,531,33,1,0.0
920,531,15,2,0.0
921,531,13,1,0.0
922,532,34,1,0.0
923,533,36,2,0.0
924,533,8,4,0.0
925,534,8,2,0.0
926,534,9,2,0.0
927,535,20,2,0.0
928,535,24,1,0.0
929,535,9,1,0.0
930,536,22,2,0.0
931,536,12,1,5.0
932,537,15,4,0.0
933,537,9,1,0.0
934,537,10,3,5.0
935,538,28,1,0.0
936,539,8,1,20.0
937,540,28,1,30.0
938,540,3,1,0.0
939,540,13,1,5.0
940,541,17,1,15.0
941,542,1,1,0.0
942,542,7,3,0.0
943,543,14,1,15.0
944,543,38,3,10.0
945,543,13,1,0.0
946,544,18,1,0.0
947,545,23,1,0.0
948,546,33,1,25.0
949,546,40,2,25.0
950,547,1,2,0.0
951,548,13,1,0.0
952,549,11,1,0.0
953,550,35,3,0.0
954,550,1,1,10.0
955,551,33,2,0.0
956,551,31,3,0.0
957,552,29,1,0.0
958,553,7,2,0.0
959,553,12,1,0.0
960,553,23,1,0.0
961,554,27,2,15.0
962,555,8,1,10.0
963,555,30,2,0.0
964,556,24,1,0.0
965,556,19,2,15.0
966,557,32,1,25.0
967,557,8,3,0.0
968,557,25,1,0.0
969,558,29,1,20.0
970,559,19,1,0.0
971,560,28,3,5.0
972,561,31,2,0.0
973,562,24,4,30.0
974,563,32,1,0.0
975,563,7,2,0.0
976,564,6,2,20.0
977,564,8,1,0.0
978,565,7,2,10.0
979,565,11,1,0.0
980,566,39,3,0.0
981,567,26,1,20.0
982,568,32,1,30.0
983,569,38,1,0.0
984,569,18,1,0.0
985,569,26,2,0.0
986,569,23,3,0.0
987,570,18,1,20.0
988,571,7,2,0.0
989,571,8,1,10.0
990,571,17,1,30.0
991,572,4,1,0.0
992,573,32,3,0.0
993,574,12,2,0.0
994,575,21,2,25.0
995,576,40,1,0.0
996,576,7,1,0.0
997,577,34,3,0.0
998,578,30,1,0.0
999,578,13,1,0.0
1000,578,19,1,15.0
1001,579,35,1,0.0
1002,579,2,1,20.0
1003,580,8,1,0.0
1004,581,21,1,0.0
1005,581,25,2,10.0
1006,582,36,1,0.0
1007,583,20,5,0.0
1008,583,11,2,30.0
1009,584,25,1,0.0
1010,585,8,1,0.0
1011,585,37,1,0.0
1012,585,32,3,0.0
1013,586,31,5,0.0
1014,586,36,4,0.0
1015,586,11,3,0.0
1016,587,25,1,0.0
1017,588,23,1,0.0
1018,588,19,1,5.0
1019,589,9,1,0.0
1020,590,23,1,30.0
1021,590,38,1,0.0
1022,591,7,2,0.0
1023,591,28,1,0.0
1024,592,23,2,0.0
1025,592,4,1,30.0
1026,593,20,1,0.0
1027,594,5,4,0.0
1028,595,8,2,0.0
1029,596,2,1,0.0
1030,597,3,1,0.0
1031,597,30,1,0.0
1032,598,33,1,0.0
1033,599,18,1,0.0
1034,599,2,3,0.0
1035,600,21,1,0.0
1036,600,25,1,0.0
1037,601,7,2,0.0
1038,602,7,3,0.0
1039,603,14,3,0.0
1040,604,33,3,0.0
1041,605,22,1,15.0
1042,606,24,1,0.0
1043,607,13,1,15.0
1044,607,32,1,25.0
1045,607,5,2,0.0
1046,607,35,1,30.0
1047,608,6,2,15.0
1048,608,38,1,25.0
1049,609,34,1,5.0
1050,609,31,1,0.0
1051,609,28,2,0.0
1052,610,20,1,0.0
1053,610,28,2,0.0
1054,611,27,1,0.0
1055,612,40,1,0.0
1056,612,33,1,0.0
1057,612,30,3,0.0
1058,613,34,1,30.0
1059,613,12,1,0.0
1060,613,37,2,30.0
1061,613,32,4,0.0
1062,614,40,1,0.0
1063,614,28,1,10.0
1064,614,37,1,0.0
1065,615,10,2,30.0
1066,615,16,2,0.0
1067,616,28,1,0.0
1068,616,27,1,0.0
1069,616,21,1,15.0
1070,616,5,1,0.0
1071,617,17,1,0.0
1072,618,16,3,10.0
1073,618,26,1,10.0
1074,619,20,1,0.0
1075,619,30,2,0.0
1076,620,28,2,15.0
1077,620,3,1,15.0
1078,621,18,1,0.0
1079,622,12,3,0.0
1080,622,3,3,0.0
1081,623,2,2,5.0
1082,624,21,1,0.0
1083,624,39,1,0.0
1084,624,20,4,0.0
1085,625,24,4,0.0
1086,626,6,2,30.0
1087,626,26,3,0.0
1088,626,9,2,30.0
1089,626,16,2,0.0
1090,627,34,1,5.0
1091,628,16,2,0.0
1092,629,21,1,0.0
1093,630,38,2,0.0
1094,631,16,5,10.0
1095,631,28,1,0.0
1096,631,14,3,0.0
1097,631,10,2,25.0
1098,632,4,2,0.0
1099,632,32,1,0.0
1100,633,8,1,0.0
1101,633,21,1,0.0
1102,633,35,2,0.0
1103,634,10,1,0.0
1104,635,24,1,25.0
1105,635,20,2,30.0
1106,636,4,2,20.0
1107,636,16,2,0.0
1108,637,24,2,0.0
1109,637,8,2,20.0
1110,638,25,2,0.0
1111,638,1,3,0.0
1112,639,17,1,0.0
1113,640,16,1,0.0
1114,640,20,1,20.0
1115,640,14,1,0.0
1116,641,27,1,0.0
1117,642,18,1,0.0
1118,642,6,1,0.0
1119,642,32,5,0.0
1120,642,31,5,0.0
1121,643,7,1,0.0
1122,644,17,2,0.0
1123,644,33,2,0.0
1124,644,5,3,0.0
1125,645,21,1,0.0
1126,645,30,2,0.0
1127,646,12,2,0.0
1128,647,9,1,0.0
1129,647,1,1,0.0
1130,648,21,1,0.0
1131,649,8,1,30.0
1132,649,11,2,0.0
1133,650,9,2,0.0
1134,651,27,2,0.0
1135,651,21,1,0.0
1136,651,29,4,30.0
1137,652,38,1,0.0
1138,653,19,1,20.0
1139,654,24,1,0.0
1140,654,12,2,0.0
1141,654,26,2,5.0
1142,654,25,1,0.0
1143,655,40,1,0.0
1144,655,15,1,0.0
1145,656,13,4,10.0
1146,657,4,1,0.0
1147,657,26,1,15.0
1148,657,40,2,25.0
1149,657,28,1,30.0
1150,658,34,2,0.0
1151,658,28,1,0.0
1152,658,30,3,10.0
1153,659,13,4,0.0
1154,660,18,1,0.0
1155,660,19,1,0.0
1156,660,32,5,10.0
1157,661,19,1,10.0
1158,661,13,3,15.0
1159,661,27,1,20.0
1160,662,16,3,0.0
1161,663,30,4,20.0
1162,664,9,2,0.0
1163,665,26,1,0.0
1164,666,25,1,0.0
1165,666,28,1,5.0
1166,667,36,1,15.0
1167,668,16,1,0.0
1168,668,31,2,0.0
1169,668,23,1,0.0
1170,669,39,1,25.0
1171,669,3,1,0.0
1172,670,20,2,0.0
1173,671,24,1,10.0
1174,671,9,1,25.0
1175,671,36,1,0.0
1176,672,22,1,0.0
1177,673,9,1,30.0
1178,674,34,1,0.0
1179,675,17,1,5.0
1180,676,9,1,0.0
1181,677,18,1,0.0
1182,677,24,1,15.0
1183,678,40,1,0.0
1184,679,17,1,0.0
1185,680,28,1,0.0
1186,680,11,1,0.0
1187,681,10,1,10.0
1188,681,36,1,10.0
1189,681,29,3,15.0
1190,682,11,1,20.0
1191,682,30,1,15.0
1192,682,28,1,0.0
1193,683,36,2,0.0
1194,684,32,1,30.0
1195,685,10,4,15.0
1196,685,8,1,10.0
1197,685,23,2,0.0
1198,686,18,3,0.0
1199,687,38,1,5.0
1200,688,34,1,0.0
1201,689,12,2,0.0
1202,690,5,1,0.0
1203,690,16,1,0.0
1204,691,22,3,30.0
1205,692,8,5,0.0
1206,692,26,3,0.0
1207,692,24,1,0.0
1208,693,10,2,20.0
1209,694,31,1,0.0
1210,694,30,1,5.0
1211,694,18,3,0.0
1212,695,29,1,0.0
1213,696,37,1,5.0
1214,696,9,1,0.0
1215,697,19,2,0.0
1216,697,21,5,0.0
1217,698,36,1,0.0
1218,699,25,1,0.0
1219,699,6,1,20.0
1220,700,6,1,0.0
1221,700,2,1,20.0
1222,701,19,1,0.0
1223,702,10,1,20.0
1224,703,28,4,0.0
1225,703,20,1,0.0
1226,704,23,1,0.0
1227,705,24,2,0.0
1228,706,32,2,0.0
1229,706,29,1,0.0
1230,707,37,1,0.0
1231,708,6,2,0.0
1232,709,24,1,0.0
1233,709,40,2,25.0
1234,709,12,1,0.0
1235,709,28,1,0.0
1236,710,15,1,0.0
1237,710,10,1,0.0
1238,711,34,3,20.0
1239,711,6,1,20.0
1240,712,20,3,10.0
1241,713,20,2,0.0
1242,713,16,1,0.0
1243,713,34,4,0.0
1244,714,3,2,0.0
1245,715,33,2,0.0
1246,716,7,1,0.0
1247,717,37,1,0.0
1248,718,23,3,0.0
1249,718,17,4,0.0
1250,719,2,2,30.0
1251,720,30,1,0.0
1252,720,12,1,0.0
1253,721,3,4,0.0
1254,721,6,2,0.0
1255,722,21,1,0.0
1256,723,30,2,0.0
1257,724,29,1,0.0
1258,724,40,3,0.0
1259,725,12,5,5.0
1260,726,39,1,30.0
1261,727,7,1,0.0
1262,728,2,2,5.0
1263,729,1,2,0.0
1264,729,11,1,0.0
1265,730,26,1,0.0
1266,730,39,2,0.0
1267,731,40,4,0.0
1268,732,26,1,10.0
1269,732,20,1,5.0
1270,733,2,1,0.0
1271,734,13,4,0.0
1272,734,2,1,10.0
1273,734,14,2,0.0
1274,735,35,2,20.0
1275,735,13,1,20.0
1276,736,2,1,10.0
1277,737,29,1,20.0
1278,737,32,1,0.0
1279,737,31,4,25.0
1280,738,26,3,0.0
1281,738,4,1,30.0
1282,739,28,4,0.0
1283,740,32,1,0.0
1284,741,39,1,0.0
1285,742,19,3,20.0
1286,743,32,4,0.0
1287,743,33,1,0.0
1288,743,38,1,0.0
1289,744,32,3,5.0
1290,745,34,2,25.0
1291,746,21,1,30.0
1292,746,36,1,0.0
1293,747,31,5,0.0
1294,747,8,1,0.0
1295,747,32,1,0.0
1296,747,40,5,15.0
1297,748,13,1,0.0
1298,749,29,1,10.0
1299,750,38,1,0.0
1300,751,22,1,0.0
1301,752,30,3,0.0
1302,752,9,3,0.0
1303,752,19,2,0.0
1304,752,25,1,0.0
1305,753,31,4,0.0
1306,754,11,1,0.0
1307,755,19,1,0.0
1308,755,6,1,10.0
1309,756,11,3,0.0
1310,756,39,1,0.0
1311,756,32,5,0.0
1312,756,7,2,25.0
1313,757,4,1,0.0
1314,757,2,1,30.0
1315,758,11,3,0.0
1316,758,12,2,0.0
1317,759,3,1,0.0
1318,760,22,1,0.0
1319,760,28,1,10.0
1320,760,8,1,0.0
1321,761,22,2,0.0
1322,762,3,1,10.0
1323,762,36,1,0.0
1324,763,33,1,0.0
1325,763,39,1,0.0
1326,763,7,5,0.0
1327,764,30,4,0.0
1328,765,8,2,0.0
1329,766,40,5,0.0
1330,767,7,1,0.0
1331,768,3,1,0.0
1332,768,33,1,0.0
1333,768,7,1,0.0
1334,768,11,2,15.0
1335,769,29,1,0.0
1336,770,32,1,15.0
1337,770,7,4,0.0
1338,771,9,2,0.0
1339,771,8,3,0.0
1340,771,13,2,0.0
1341,772,16,2,0.0
1342,773,31,1,0.0
1343,774,33,1,30.0
1344,774,11,3,0.0
1345,774,6,1,0.0
1346,775,16,1,0.0
1347,775,10,2,0.0
1348,776,15,2,0.0
1349,776,9,1,0.0
1350,777,27,1,0.0
1351,778,34,4,0.0
1352,778,24,1,0.0
1353,779,1,3,0.0
1354,779,34,1,15.0
1355,780,26,3,0.0
1356,780,11,1,0.0
1357,781,3,1,0.0
1358,782,10,4,0.0
1359,782,37,2,0.0
1360,782,4,1,0.0
1361,782,34,1,0.0
1362,783,20,1,0.0
1363,784,21,5,15.0
1364,784,23,4,0.0
1365,785,40,1,0.0
1366,785,10,1,0.0
1367,786,14,2,0.0
1368,787,40,1,0.0
1369,787,29,1,0.0
1370,787,23,1,0.0
1371,788,13,1,0.0
1372,789,6,1,15.0
1373,790,25,2,0.0
1374,790,9,1,5.0
1375,790,34,1,0.0
1376,791,20,1,0.0
1377,792,11,1,25.0
1378,793,38,2,15.0
1379,793,17,1,0.0
1380,794,33,1,0.0
1381,794,8,1,25.0
1382,794,4,2,0.0
1383,795,4,4,0.0
1384,795,8,2,0.0
1385,796,1,4,0.0
1386,796,30,2,0.0
1387,796,22,1,0.0
1388,797,37,5,0.0
1389,797,35,2,15.0
1390,798,19,2,0.0
1391,799,37,1,0.0
1392,800,25,2,0.0
1393,801,16,1,0.0
1394,801,7,1,15.0
1395,801,21,1,0.0
1396,802,10,1,0.0
1397,802,28,1,5.0
1398,803,28,1,0.0
1399,804,31,2,5.0
1400,805,24,2,0.0
1401,806,26,1,0.0
1402,807,34,2,0.0
1403,808,17,4,0.0
1404,808,38,2,0.0
1405,808,32,1,0.0
1406,809,32,2,10.0
1407,809,27,1,0.0
1408,809,11,3,0.0
1409,810,33,1,0.0
1410,811,8,1,0.0
1411,812,30,1,10.0
1412,812,31,1,0.0
1413,813,24,2,0.0
1414,814,8,1,0.0
1415,814,39,1,15.0
1416,815,37,4,25.0
1417,816,10,1,15.0
1418,817,24,2,0.0
1419,818,32,1,0.0
1420,818,2,1,25.0
1421,819,27,3,15.0
1422,820,19,2,0.0
1423,820,14,2,0.0
1424,820,12,1,15.0
1425,821,5,2,0.0
1426,821,3,1,0.0
1427,822,37,1,0.0
1428,822,29,1,0.0
1429,822,22,2,0.0
1430,823,39,2,0.0
1431,823,9,1,0.0
1432,824,30,1,0.0
1433,824,29,1,0.0
1434,824,10,5,0.0
1435,825,40,1,0.0
1436,825,27,2,0.0
1437,826,22,1,0.0
1438,827,29,5,0.0
1439,828,6,2,0.0
1440,829,2,2,0.0
1441,830,20,2,0.0
1442,830,36,1,0.0
1443,831,6,5,0.0
1444,831,13,2,0.0
1445,832,4,4,0.0
1446,833,34,2,20.0
1447,834,33,1,0.0
1448,834,2,1,0.0
1449,834,8,1,0.0
1450,835,18,2,30.0
1451,835,14,1,0.0
1452,836,38,1,0.0
1453,837,35,1,0.0
1454,838,26,1,0.0
1455,838,38,3,0.0
1456,838,3,2,0.0
1457,839,12,2,0.0
1458,840,34,1,0.0
1459,840,21,1,5.0
1460,841,35,1,10.0
1461,842,12,1,5.0
1462,843,10,1,0.0
1463,844,27,1,0.0
1464,845,4,5,0.0
1465,846,21,2,30.0
1466,847,4,4,5.0
1467,848,21,4,15.0
1468,849,17,1,0.0
1469,849,25,3,0.0
1470,850,4,1,25.0
1471,850,13,2,0.0
1472,851,32,1,0.0
1473,851,33,1,15.0
1474,851,25,2,0.0
1475,852,27,3,0.0
1476,852,5,2,0.0
1477,853,15,4,0.0
1478,854,2,1,25.0
1479,855,7,2,0.0
1480,855,16,1,0.0
1481,856,9,1,0.0
1482,856,20,1,0.0
1483,857,33,1,0.0
1484,857,14,1,0.0
1485,857,10,1,0.0
1486,858,35,1,20.0
1487,858,28,1,0.0
1488,858,36,1,0.0
1489,858,29,1,0.0
1490,859,11,1,20.0
1491,860,18,5,0.0
1492,861,25,1,0.0
1493,862,14,1,0.0
1494,863,33,1,30.0
1495,863,19,1,0.0
1496,864,5,1,30.0
1497,864,20,1,10.0
1498,865,36,1,0.0
1499,866,28,1,25.0
1500,867,21,3,0.0
1501,867,22,1,0.0
1502,868,29,1,30.0
1503,869,21,1,0.0
1504,870,30,2,30.0
1505,870,39,5,5.0
1506,870,22,3,0.0
1507,871,1,1,0.0
1508,872,12,1,0.0
1509,873,32,1,30.0
1510,873,26,3,0.0
1511,873,35,1,0.0
1512,874,29,4,0.0
1513,874,8,2,0.0
1514,874,23,2,0.0
1515,875,25,3,30.0
1516,876,1,2,0.0
1517,876,8,2,0.0
1518,876,30,2,5.0
1519,876,24,3,0.0
1520,877,23,3,25.0
1521,877,13,1,0.0
1522,878,15,1,20.0
1523,879,24,1,20.0
1524,880,39,1,10.0
1525,881,26,1,15.0
1526,882,37,5,0.0
1527,882,33,2,0.0
1528,883,37,2,0.0
1529,883,39,1,0.0
1530,883,12,2,25.0
1531,883,5,2,0.0
1532,884,34,1,0.0
1533,885,18,1,0.0
1534,885,13,2,30.0
1535,886,35,2,0.0
1536,887,36,1,20.0
1537,887,30,1,0.0
1538,888,4,3,0.0
1539,888,21,3,0.0
1540,889,18,2,25.0
1541,890,30,1,0.0
1542,891,34,2,0.0
1543,892,15,1,20.0
1544,893,35,2,0.0
1545,893,29,1,0.0
1546,894,22,1,25.0
1547,895,2,2,0.0
1548,896,15,2,0.0
1549,897,28,1,15.0
1550,897,5,5,0.0
1551,897,16,1,0.0
1552,898,7,1,20.0
1553,899,2,1,0.0
1554,900,22,2,0.0
1555,901,16,2,15.0
1556,901,7,1,0.0
1557,901,31,2,0.0
1558,902,34,3,0.0
1559,902,16,3,0.0
1560,903,40,1,0.0
1561,903,29,2,0.0
1562,903,7,1,5.0
1563,904,3,1,0.0
1564,904,25,1,20.0
1565,904,21,1,25.0
1566,904,5,2,0.0
1567,905,5,1,5.0
1568,906,36,4,0.0
1569,906,4,1,0.0
1570,906,19,1,0.0
1571,906,25,3,0.0
1572,907,40,1,0.0
1573,907,1,2,0.0
1574,907,30,1,0.0
1575,908,40,2,0.0
1576,908,7,1,0.0
1577,908,22,1,25.0
1578,909,22,2,5.0
1579,909,38,1,0.0
1580,909,13,2,10.0
1581,910,37,1,0.0
1582,910,9,2,20.0
1583,911,31,4,0.0
1584,911,40,1,5.0
1585,912,4,1,25.0
1586,913,28,2,0.0
1587,913,33,3,0.0
1588,914,20,1,0.0
1589,914,38,5,0.0
1590,915,10,3,0.0
1591,916,39,2,0.0
1592,917,24,2,0.0
1593,917,1,1,0.0
1594,918,10,2,25.0
1595,919,36,1,0.0
1596,919,4,4,0.0
1597,919,28,1,0.0
1598,920,13,2,0.0
1599,920,5,2,0.0
1600,921,30,2,0.0
1601,921,39,1,0.0
1602,921,22,1,15.0
1603,921,38,1,20.0
1604,922,3,2,0.0
1605,923,1,1,0.0
1606,924,15,1,0.0
1607,925,14,3,30.0
1608,926,22,2,10.0
1609,926,25,2,0.0
1610,927,1,3,0.0
1611,928,5,1,0.0
1612,929,36,1,20.0
1613,929,8,2,25.0
1614,930,24,2,5.0
1615,931,13,1,10.0
1616,932,15,1,0.0
1617,932,17,1,0.0
1618,933,36,2,10.0
1619,934,2,1,0.0
1620,934,12,4,0.0
1621,935,2,2,0.0
1622,935,9,2,0.0
1623,935,25,1,0.0
1624,936,14,1,0.0
1625,936,20,1,0.0
1626,937,24,2,0.0
1627,937,11,1,0.0
1628,937,34,1,10.0
1629,937,40,2,0.0
1630,938,9,1,0.0
1631,939,13,1,0.0
1632,940,24,1,0.0
1633,940,21,2,0.0
1634,941,16,2,0.0
1635,942,40,2,10.0
1636,942,38,3,0.0
1637,942,13,4,15.0
1638,942,35,1,0.0
1639,943,33,3,0.0
1640,943,38,1,5.0
1641,944,31,4,0.0
1642,945,40,1,20.0
1643,945,5,1,0.0
1644,946,33,1,0.0
1645,946,24,2,0.0
1646,947,21,2,0.0
1647,947,24,1,0.0
1648,948,32,2,20.0
1649,948,31,2,0.0
1650,949,38,1,0.0
1651,950,14,1,0.0
1652,950,15,1,0.0
1653,950,13,1,0.0
1654,950,29,3,0.0
1655,951,37,1,15.0
1656,952,17,2,0.0
1657,953,9,1,0.0
1658,954,19,3,0.0
1659,955,23,1,5.0
1660,956,30,5,0.0
1661,956,33,2,0.0
1662,957,30,3,0.0
1663,957,28,1,0.0
1664,957,27,2,0.0
1665,957,24,1,10.0
1666,958,17,1,0.0
1667,958,5,1,25.0
1668,959,33,1,0.0
1669,959,35,3,0.0
1670,959,6,1,5.0
1671,960,24,3,10.0
1672,961,22,2,0.0
1673,961,13,1,30.0
1674,962,18,2,0.0
1675,962,13,2,0.0
1676,963,35,4,0.0
1677,964,1,4,15.0
1678,964,20,2,0.0
1679,965,26,1,0.0
1680,965,38,1,30.0
1681,966,33,1,30.0
1682,966,10,1,0.0
1683,966,26,1,0.0
1684,967,34,4,0.0
1685,968,36,1,0.0
1686,968,30,1,0.0
1687,968,22,2,30.0
1688,969,27,5,0.0
1689,969,14,2,0.0
1690,970,2,1,0.0
1691,971,37,2,0.0
1692,971,9,2,0.0
1693,971,20,1,0.0
1694,971,1,2,20.0
1695,972,26,1,25.0
1696,972,35,1,5.0
1697,973,9,1,15.0
1698,974,37,1,0.0
1699,975,39,1,0.0
1700,975,37,1,0.0
1701,976,14,2,0.0
1702,976,26,2,5.0
1703,976,5,1,0.0
1704,977,29,1,5.0
1705,977,20,3,0.0
1706,978,12,2,30.0
1707,979,39,2,0.0
1708,980,12,1,20.0
1709,980,13,1,10.0
1710,981,19,5,5.0
1711,981,34,3,0.0
1712,982,1,1,20.0
1713,983,26,1,20.0
1714,983,11,2,0.0
1715,983,8,4,10.0
1716,984,9,1,0.0
1717,984,14,1,0.0
1718,984,20,1,0.0
1719,985,39,1,0.0
1720,985,37,1,0.0
1721,986,33,1,0.0
1722,987,30,2,10.0
1723,987,18,1,0.0
1724,988,26,4,0.0
1725,989,16,2,0.0
1726,990,37,1,0.0
1727,990,32,2,5.0
1728,990,30,4,20.0
1729,991,23,1,0.0
1730,992,20,1,0.0
1731,993,12,3,25.0
1732,993,27,2,0.0
1733,993,16,1,0.0
1734,994,12,2,0.0
1735,995,7,2,0.0
1736,996,3,2,0.0
1737,996,16,2,30.0
1738,997,35,1,5.0
1739,998,14,1,0.0
1740,999,27,2,15.0
1741,999,36,2,5.0
1742,1000,33,1,10.0
1743,1000,21,1,0.0
1744,1000,27,1,0.0
1745,1000,29,2,30.0
1746,1001,30,3,0.0
1747,1002,26,4,0.0
1748,1002,13,4,5.0
1749,1003,9,1,0.0
1750,1004,30,1,0.0
1751,1004,32,1,30.0
1752,1005,16,1,15.0
1753,1005,29,2,0.0
1754,1006,11,1,0.0
1755,1006,2,1,5.0
1756,1007,35,2,0.0
1757,1008,11,3,5.0
1758,1009,18,1,15.0
1759,1010,12,1,5.0
1760,1011,35,2,30.0
1761,1012,4,1,0.0
1762,1012,34,1,0.0
1763,1013,7,2,0.0
1764,1013,25,1,0.0
1765,1014,39,1,0.0
1766,1014,1,2,0.0
1767,1014,4,1,0.0
1768,1015,24,4,0.0
1769,1016,13,2,20.0
1770,1017,2,2,0.0
1771,1018,22,1,5.0
1772,1018,13,3,0.0
1773,1018,5,2,0.0
1774,1019,11,1,0.0
1775,1019,3,3,15.0
1776,1020,21,1,0.0
1777,1021,13,2,0.0
1778,1021,40,1,0.0
1779,1021,14,1,0.0
1780,1022,15,1,15.0
1781,1022,14,1,20.0
1782,1023,21,1,0.0
1783,1023,1,2,0.0
1784,1024,5,1,0.0
1785,1024,18,1,10.0
1786,1024,40,1,0.0
1787,1025,39,2,0.0
1788,1026,7,2,0.0
1789,1027,37,1,5.0
1790,1028,39,1,0.0
1791,1029,25,1,0.0
1792,1030,9,2,0.0
1793,1030,22,1,0.0
1794,1030,12,1,0.0
1795,1031,31,1,5.0
1796,1032,39,1,0.0
1797,1033,29,1,0.0
1798,1034,15,1,0.0
1799,1035,1,1,5.0
1800,1035,15,1,0.0
1801,1036,28,3,0.0
1802,1036,16,3,15.0
1803,1037,32,1,20.0
1804,1037,19,2,5.0
1805,1038,16,1,0.0
1806,1038,39,1,0.0
1807,1039,22,1,0.0
1808,1039,9,1,0.0
1809,1039,18,1,20.0
1810,1040,19,1,0.0
1811,1041,15,2,0.0
1812,1041,22,1,5.0
1813,1042,16,1,0.0
1814,1042,15,1,0.0
1815,1042,39,2,30.0
1816,1043,1,2,0.0
1817,1043,5,3,10.0
1818,1044,4,3,0.0
1819,1044,10,1,10.0
1820,1045,38,5,0.0
1821,1045,36,2,0.0
1822,1046,16,1,0.0
1823,1047,28,1,0.0
1824,1047,30,5,0.0
1825,1048,16,1,0.0
1826,1049,39,1,20.0
1827,1049,16,1,0.0
1828,1049,20,2,20.0
1829,1050,6,1,0.0
1830,1050,24,5,20.0
1831,1051,28,2,0.0
1832,1051,33,1,0.0
1833,1052,10,1,20.0
1834,1052,31,1,0.0
1835,1053,6,3,0.0
1836,1053,20,1,30.0
1837,1054,12,3,0.0
1838,1054,17,1,0.0
1839,1055,19,1,0.0
1840,1056,39,1,10.0
1841,1056,31,1,0.0
1842,1057,13,2,0.0
1843,1057,10,1,25.0
1844,1058,24,2,0.0
1845,1059,27,3,0.0
1846,1059,26,2,0.0
1847,1059,24,1,0.0
1848,1060,5,1,0.0
1849,1061,3,2,0.0
1850,1062,8,1,0.0
1851,1063,37,1,0.0
1852,1063,11,1,0.0
1853,1063,13,1,0.0
1854,1063,28,2,0.0
1855,1064,32,1,0.0
1856,1064,24,1,0.0
1857,1065,28,3,5.0
1858,1065,16,4,0.0
1859,1066,24,2,20.0
1860,1066,2,1,0.0
1861,1066,10,1,10.0
1862,1067,39,2,0.0
1863,1068,11,1,0.0
1864,1068,1,1,0.0
1865,1068,8,1,0.0
1866,1069,26,2,0.0
1867,1069,38,3,20.0
1868,1069,6,3,20.0
1869,1070,17,2,0.0
1870,1070,20,2,0.0
1871,1070,33,1,0.0
1872,1071,20,1,0.0
1873,1072,6,5,25.0
1874,1073,23,3,0.0
1875,1074,18,1,0.0
1876,1075,26,1,0.0
1877,1075,20,1,0.0
1878,1075,1,1,5.0
1879,1076,27,1,0.0
1880,1076,34,2,20.0
1881,1077,11,2,0.0
1882,1077,12,2,0.0
1883,1078,13,1,5.0
1884,1078,32,3,0.0
1885,1079,14,1,5.0
1886,1080,12,3,0.0
1887,1081,13,1,20.0
1888,1082,29,2,30.0
1889,1082,40,1,15.0
1890,1083,6,2,5.0
1891,1083,25,5,0.0
1892,1084,38,1,0.0
1893,1084,16,1,0.0
1894,1085,7,3,5.0
1895,1085,1,1,0.0
1896,1085,4,1,0.0
1897,1086,3,1,5.0
1898,1086,7,1,0.0
1899,1087,34,1,0.0
1900,1088,18,2,0.0
1901,1089,31,1,0.0
1902,1090,39,1,0.0
1903,1091,24,1,0.0
1904,1092,22,1,0.0
1905,1092,21,1,0.0
1906,1093,26,1,0.0
1907,1094,4,1,0.0
1908,1094,23,4,30.0
1909,1094,22,1,0.0
1910,1095,9,1,25.0
1911,1095,2,2,30.0
1912,1095,39,1,0.0
1913,1096,16,3,0.0
1914,1097,40,1,0.0
1915,1097,31,1,0.0
1916,1098,1,3,0.0
1917,1099,21,1,0.0
1918,1099,2,2,0.0
1919,1100,21,2,0.0
1920,1100,29,2,0.0
1921,1100,15,2,0.0
1922,1101,6,1,0.0
1923,1102,31,1,10.0
1924,1102,7,4,0.0
1925,1102,25,1,0.0
1926,1103,37,4,0.0
1927,1104,33,1,5.0
1928,1104,3,2,0.0
1929,1105,36,1,20.0
1930,1105,30,1,0.0
1931,1106,31,3,10.0
1932,1106,35,1,0.0
1933,1106,16,3,0.0
1934,1107,6,1,0.0
1935,1107,7,2,15.0
1936,1107,28,1,0.0
1937,1108,18,2,15.0
1938,1109,31,2,0.0
1939,1109,8,1,0.0
1940,1109,9,1,0.0
1941,1110,22,1,0.0
1942,1111,37,2,0.0
1943,1112,39,2,15.0
1944,1113,25,2,0.0
1945,1114,25,1,0.0
1946,1114,36,1,0.0
1947,1115,15,3,5.0
1948,1116,19,2,5.0
1949,1117,22,2,0.0
1950,1117,38,1,15.0
1951,1117,13,4,0.0
1952,1117,8,1,0.0
1953,1118,1,3,0.0
1954,1119,38,1,20.0
1955,1119,35,1,0.0
1956,1120,21,1,0.0
1957,1121,9,5,0.0
1958,1122,39,3,5.0
1959,1122,38,1,0.0
1960,1122,15,2,0.0
1961,1123,10,3,0.0
1962,1123,19,1,0.0
1963,1123,15,1,0.0
1964,1124,10,2,0.0
1965,1125,3,3,0.0
1966,1125,39,1,0.0
1967,1126,8,1,30.0
1968,1127,37,1,0.0
1969,1128,14,1,20.0
1970,1128,32,2,15.0
1971,1129,10,1,0.0
1972,1130,14,3,0.0
1973,1131,15,3,0.0
1974,1132,4,3,0.0
1975,1133,12,1,30.0
1976,1133,32,2,0.0
1977,1133,26,1,5.0
1978,1134,36,1,0.0
1979,1134,26,1,0.0
1980,1134,22,2,0.0
1981,1135,26,1,0.0
1982,1135,5,2,10.0
1983,1135,34,1,0.0
1984,1136,36,2,0.0
1985,1137,9,1,0.0
1986,1138,38,1,0.0
1987,1138,4,2,10.0
1988,1138,20,1,0.0
1989,1139,31,1,10.0
1990,1140,14,2,0.0
1991,1140,13,1,30.0
1992,1141,37,4,10.0
1993,1142,25,3,0.0
1994,1143,28,2,0.0
1995,1144,11,3,0.0
1996,1145,7,1,0.0
1997,1145,23,1,5.0
1998,1146,8,2,0.0
1999,1146,33,1,0.0
2000,1147,10,3,0.0
2001,1148,26,2,5.0
2002,1149,16,3,0.0
2003,1150,20,5,0.0
2004,1150,39,1,0.0
2005,1150,12,3,0.0
2006,1151,6,2,0.0
2007,1152,25,1,0.0
2008,1152,18,4,0.0
2009,1153,1,2,5.0
2010,1154,8,2,0.0
2011,1154,32,1,0.0
2012,1155,15,3,25.0
2013,1156,37,1,0.0
2014,1157,7,1,0.0
2015,1158,12,1,0.0
2016,1158,25,2,0.0
2017,1158,31,1,10.0
2018,1159,7,1,0.0
2019,1160,35,1,30.0
2020,1161,2,1,0.0
2021,1161,26,1,0.0
2022,1162,34,1,0.0
2023,1163,34,1,0.0
2024,1163,38,1,0.0
2025,1163,35,1,10.0
2026,1164,8,1,0.0
2027,1164,12,3,0.0
2028,1164,39,1,10.0
2029,1164,1,4,0.0
2030,1165,11,2,5.0
2031,1165,6,1,5.0
2032,1165,36,1,0.0
2033,1166,24,1,0.0
2034,1167,11,1,0.0
2035,1168,1,1,0.0
2036,1168,16,1,0.0
2037,1169,34,5,0.0
2038,1170,19,2,0.0
2039,1171,29,1,20.0
2040,1172,21,1,0.0
2041,1173,23,2,0.0
2042,1173,39,1,0.0
2043,1173,35,5,0.0
2044,1174,3,5,10.0
2045,1175,10,1,0.0
2046,1175,20,1,15.0
2047,1175,14,1,30.0
2048,1175,9,2,0.0
2049,1176,5,5,20.0
2050,1176,36,2,0.0
2051,1177,11,1,0.0
2052,1178,6,1,0.0
2053,1178,17,2,0.0
2054,1179,10,1,0.0
2055,1180,5,2,0.0
2056,1181,18,2,0.0
2057,1182,13,2,0.0
2058,1183,37,1,0.0
2059,1183,33,2,0.0
2060,1184,10,1,0.0
2061,1185,28,2,0.0
2062,1186,39,2,25.0
2063,1186,16,1,25.0
2064,1186,5,2,0.0
2065,1187,22,4,0.0
2066,1188,24,5,0.0
2067,1189,18,2,0.0
2068,1189,10,2,5.0
2069,1190,7,2,0.0
2070,1191,15,2,0.0
2071,1192,7,3,30.0
2072,1192,8,1,0.0
2073,1193,38,1,0.0
2074,1194,32,1,0.0
2075,1194,7,1,0.0
2076,1195,19,2,0.0
2077,1195,36,1,0.0
2078,1195,18,1,20.0
2079,1196,12,1,0.0
2080,1196,23,2,0.0
2081,1197,35,3,0.0
2082,1198,26,1,0.0
2083,1199,9,2,25.0
2084,1199,17,1,0.0
2085,1200,9,1,0.0
2086,1200,10,4,0.0
2087,1201,4,1,0.0
2088,1201,24,3,0.0
2089,1201,16,1,0.0
2090,1202,29,5,0.0
2091,1203,30,1,20.0
2092,1203,33,1,0.0
2093,1204,15,5,0.0
2094,1205,6,1,0.0
2095,1206,27,1,0.0
2096,1207,6,1,0.0
2097,1208,5,1,0.0
2098,1209,6,1,30.0
2099,1209,11,2,20.0
2100,1209,37,2,0.0
2101,1210,1,3,0.0
2102,1210,28,1,20.0
2103,1210,33,1,0.0
2104,1211,35,1,0.0
2105,1212,26,2,0.0
2106,1212,1,3,0.0
2107,1213,1,4,0.0
2108,1214,35,1,0.0
2109,1215,16,2,0.0
2110,1216,34,4,0.0
2111,1217,3,3,0.0
2112,1217,39,1,0.0
2113,1217,29,3,0.0
2114,1218,34,1,15.0
2115,1218,15,1,0.0
2116,1219,33,1,0.0
2117,1220,4,5,0.0
2118,1220,28,1,5.0
2119,1221,22,5,0.0
2120,1221,16,1,0.0
2121,1222,8,1,0.0
2122,1222,19,2,5.0
2123,1222,20,1,0.0
2124,1223,37,1,15.0
2125,1223,26,2,0.0
2126,1224,33,3,0.0
2127,1225,3,1,0.0
2128,1226,40,1,5.0
2129,1226,32,2,0.0
2130,1227,22,2,30.0
2131,1227,20,1,15.0
2132,1227,23,2,20.0
2133,1227,7,2,0.0
2134,1228,6,1,0.0
2135,1228,34,1,0.0
2136,1228,33,1,0.0
2137,1229,1,1,30.0
2138,1230,17,3,20.0
2139,1231,24,2,0.0
2140,1231,20,1,0.0
2141,1231,28,1,20.0
2142,1232,29,5,0.0
2143,1232,11,4,30.0
2144,1232,9,2,10.0
2145,1232,23,1,10.0
2146,1233,26,1,0.0
2147,1233,27,1,10.0
2148,1233,22,2,0.0
2149,1234,18,1,20.0
2150,1235,36,1,0.0
2151,1236,9,1,0.0
2152,1236,21,1,0.0
2153,1236,26,1,0.0
2154,1237,25,1,5.0
2155,1238,2,1,25.0
2156,1238,9,2,30.0
2157,1239,16,2,0.0
2158,1239,4,1,0.0
2159,1239,22,1,0.0
2160,1239,28,3,20.0
2161,1240,6,3,10.0
2162,1240,28,3,0.0
2163,1241,12,4,0.0
2164,1241,16,2,0.0
2165,1241,18,1,0.0
2166,1242,16,1,0.0
2167,1242,28,1,0.0
2168,1242,13,2,0.0
2169,1242,31,2,0.0
2170,1243,12,2,0.0
2171,1243,13,1,5.0
2172,1243,38,5,5.0
2173,1244,18,2,0.0
2174,1244,13,1,0.0
2175,1244,10,1,5.0
2176,1245,25,1,0.0
2177,1245,27,1,0.0
2178,1246,15,1,0.0
2179,1246,22,1,20.0
2180,1247,4,1,0.0
2181,1248,18,1,15.0
2182,1248,24,1,0.0
2183,1249,16,5,0.0
2184,1249,21,2,5.0
2185,1250,4,1,0.0
2186,1251,21,1,0.0
2187,1251,14,2,0.0
2188,1251,19,1,10.0
2189,1252,17,3,0.0
2190,1253,24,2,0.0
2191,1253,22,1,5.0
2192,1254,36,2,0.0
2193,1255,9,1,0.0
2194,1255,22,1,0.0
2195,1256,38,5,0.0
2196,1257,24,4,0.0
2197,1257,16,1,20.0
2198,1258,6,1,25.0
2199,1258,7,1,0.0
2200,1258,9,3,0.0
2201,1258,39,1,0.0
2202,1259,13,1,0.0
2203,1260,7,2,25.0
2204,1261,40,2,0.0
2205,1261,22,2,0.0
2206,1262,13,1,0.0
2207,1262,35,1,10.0
2208,1263,27,1,0.0
2209,1263,36,2,0.0
2210,1263,17,1,0.0
2211,1263,23,2,0.0
2212,1264,5,1,0.0
2213,1264,31,1,0.0
2214,1265,33,1,15.0
2215,1265,2,1,0.0
2216,1266,9,1,25.0
2217,1266,19,3,30.0
2218,1267,13,1,0.0
2219,1267,26,2,0.0
2220,1268,33,1,25.0
2221,1268,5,1,0.0
2222,1269,25,1,0.0
2223,1270,18,1,5.0
2224,1271,11,2,0.0
2225,1272,38,1,0.0
2226,1272,1,2,0.0
2227,1273,30,2,10.0
2228,1273,33,2,15.0
2229,1273,34,1,0.0
2230,1274,11,1,0.0
2231,1274,15,1,30.0
2232,1274,3,2,15.0
2233,1275,9,1,5.0
2234,1276,16,2,0.0
2235,1276,14,2,15.0
2236,1277,39,1,30.0
2237,1277,24,1,0.0
2238,1277,21,2,10.0
2239,1278,27,2,0.0
2240,1279,19,1,0.0
2241,1280,4,2,0.0
2242,1280,1,1,15.0
2243,1281,12,1,5.0
2244,1282,35,1,0.0
2245,1283,38,1,30.0
2246,1284,25,1,0.0
2247,1284,17,2,0.0
2248,1285,36,1,15.0
2249,1285,14,1,30.0
2250,1285,29,1,0.0
2251,1286,26,1,0.0
2252,1286,10,1,0.0
2253,1287,28,1,20.0
2254,1287,24,2,10.0
2255,1288,30,2,0.0
2256,1288,12,1,25.0
2257,1289,32,2,10.0
2258,1289,12,1,0.0
2259,1289,19,1,0.0
2260,1290,39,3,10.0
2261,1291,5,1,0.0
2262,1291,28,3,0.0
2263,1291,16,1,0.0
2264,1292,34,4,5.0
2265,1293,39,1,0.0
2266,1293,7,2,5.0
2267,1294,3,2,30.0
2268,1294,9,3,0.0
2269,1294,16,2,0.0
2270,1294,6,1,5.0
2271,1295,35,1,20.0
2272,1295,22,3,0.0
2273,1295,6,1,0.0
2274,1296,11,1,0.0
2275,1296,20,1,5.0
2276,1297,35,5,0.0
2277,1298,35,1,15.0
2278,1298,8,5,20.0
2279,1298,2,3,10.0
2280,1298,3,2,20.0
2281,1299,25,4,30.0
2282,1300,19,3,0.0
2283,1300,15,3,0.0
2284,1301,8,2,0.0
2285,1301,32,1,15.0
2286,1301,11,1,0.0
2287,1302,40,1,0.0
2288,1303,24,2,0.0
2289,1303,6,3,0.0
2290,1304,12,1,0.0
2291,1305,22,1,0.0
2292,1306,28,2,30.0
2293,1307,20,2,0.0
2294,1308,19,3,0.0
2295,1309,7,4,0.0
2296,1309,18,3,0.0
2297,1309,32,4,0.0
2298,1310,5,2,0.0
2299,1310,1,1,10.0
2300,1310,10,1,0.0
2301,1311,31,2,0.0
2302,1312,8,3,0.0
2303,1312,37,4,0.0
2304,1313,10,1,10.0
2305,1314,12,1,0.0
2306,1314,25,2,0.0
2307,1314,23,1,0.0
2308,1314,21,2,0.0
2309,1315,22,3,30.0
2310,1316,16,1,0.0
2311,1316,25,1,0.0
2312,1317,35,5,0.0
2313,1318,35,1,0.0
2314,1318,15,1,0.0
2315,1319,27,2,0.0
2316,1319,34,2,0.0
2317,1320,15,2,0.0
2318,1321,16,4,5.0
2319,1321,24,4,0.0
2320,1322,31,2,0.0
2321,1322,9,1,15.0
2322,1323,24,1,0.0
2323,1323,9,1,0.0
2324,1323,19,1,0.0
2325,1324,27,1,0.0
2326,1324,16,1,10.0
2327,1324,14,1,30.0
2328,1325,10,1,0.0
2329,1326,2,3,5.0
2330,1326,28,1,0.0
2331,1326,24,3,25.0
2332,1327,11,1,10.0
2333,1327,2,2,5.0
2334,1328,1,1,0.0
2335,1328,37,1,0.0
2336,1328,27,4,25.0
2337,1328,10,2,0.0
2338,1329,20,2,0.0
2339,1330,22,3,0.0
2340,1330,29,1,0.0
2341,1331,19,2,5.0
2342,1332,3,1,0.0
2343,1332,39,2,0.0
2344,1333,1,1,0.0
2345,1333,26,2,0.0
2346,1333,28,1,0.0
2347,1334,17,1,0.0
2348,1335,33,3,0.0
2349,1336,15,2,0.0
2350,1337,11,4,5.0
2351,1338,34,2,0.0
2352,1338,25,1,10.0
2353,1339,26,1,0.0
2354,1340,15,1,0.0
2355,1340,26,2,0.0
2356,1340,12,2,0.0
2357,1341,5,2,0.0
2358,1342,30,2,0.0
2359,1342,31,1,0.0
2360,1343,25,1,15.0
2361,1344,28,2,5.0
2362,1344,13,1,0.0
2363,1344,18,4,0.0
2364,1345,22,3,15.0
2365,1346,11,3,5.0
2366,1346,35,3,0.0
2367,1346,7,1,0.0
2368,1346,5,1,0.0
2369,1347,3,1,25.0
2370,1347,16,1,0.0
2371,1348,37,1,15.0
2372,1348,31,4,15.0
2373,1349,1,3,0.0
2374,1349,23,2,0.0
2375,1349,19,3,0.0
2376,1350,26,2,0.0
2377,1350,23,1,20.0
2378,1350,9,3,0.0
2379,1351,33,1,20.0
2380,1351,7,1,0.0
2381,1351,10,2,0.0
2382,1352,3,4,10.0
2383,1353,30,1,0.0
2384,1353,6,2,0.0
2385,1353,15,1,0.0
2386,1353,14,2,25.0
2387,1354,34,2,0.0
2388,1355,39,1,0.0
2389,1356,22,1,0.0
2390,1357,9,1,25.0
2391,1357,22,1,0.0
2392,1358,28,3,25.0
2393,1358,3,3,0.0
2394,1358,25,4,0.0
2395,1359,37,1,0.0
2396,1360,32,3,0.0
2397,1360,7,5,15.0
2398,1361,36,1,0.0
2399,1362,6,2,0.0
2400,1363,30,1,15.0
2401,1363,21,1,15.0
2402,1364,37,2,0.0
2403,1364,24,1,30.0
2404,1365,30,2,0.0
2405,1365,17,3,0.0
2406,1365,31,3,0.0
2407,1366,9,1,0.0
2408,1367,37,1,15.0
2409,1367,32,3,0.0
2410,1368,40,3,0.0
2411,1368,9,1,0.0
2412,1369,40,2,0.0
2413,1370,24,2,20.0
2414,1371,33,1,0.0
2415,1371,29,2,0.0
2416,1371,17,1,30.0
2417,1372,4,5,0.0
2418,1373,16,1,0.0
2419,1373,36,4,10.0
2420,1373,1,1,0.0
2421,1373,10,1,0.0
2422,1374,15,4,0.0
2423,1375,30,2,0.0
2424,1376,23,2,0.0
2425,1376,30,1,0.0
2426,1377,30,1,10.0
2427,1378,7,2,0.0
2428,1378,26,2,15.0
2429,1379,5,1,0.0
2430,1379,21,3,0.0
2431,1380,14,1,20.0
2432,1380,31,1,10.0
2433,1381,31,3,0.0
2434,1381,10,1,25.0
2435,1381,14,2,0.0
2436,1382,4,1,0.0
2437,1383,24,2,0.0
2438,1383,28,2,10.0
2439,1384,2,1,0.0
2440,1385,28,1,30.0
2441,1386,12,1,5.0
2442,1387,18,1,0.0
2443,1388,20,1,0.0
2444,1388,29,1,0.0
2445,1389,17,1,0.0
2446,1389,12,2,20.0
2447,1390,22,1,0.0
2448,1391,20,1,15.0
2449,1392,27,4,0.0
2450,1392,31,1,0.0
2451,1393,11,2,0.0
2452,1394,28,3,0.0
2453,1395,37,4,0.0
2454,1396,1,1,0.0
2455,1397,39,2,0.0
2456,1397,13,1,0.0
2457,1397,5,2,30.0
2458,1398,21,1,20.0
2459,1398,1,2,0.0
2460,1399,32,3,0.0
2461,1400,8,1,0.0
2462,1400,27,1,0.0
2463,1400,17,1,0.0
2464,1400,34,1,0.0
2465,1401,29,1,30.0
2466,1401,38,1,0.0
2467,1401,7,3,0.0
2468,1402,35,1,0.0
2469,1402,11,2,0.0
2470,1402,39,2,0.0
2471,1403,37,2,0.0
2472,1403,1,2,0.0
2473,1403,24,1,0.0
2474,1403,2,1,20.0
2475,1404,30,4,0.0
2476,1404,27,3,0.0
2477,1405,35,1,10.0
2478,1405,28,2,0.0
2479,1405,34,3,0.0
2480,1405,22,2,0.0
2481,1406,11,1,0.0
2482,1407,25,1,0.0
2483,1407,19,4,0.0
2484,1407,28,1,0.0
2485,1408,7,2,0.0
2486,1408,6,2,30.0
2487,1409,2,4,0.0
2488,1410,27,1,0.0
2489,1410,7,2,0.0
2490,1411,35,1,20.0
2491,1412,33,3,0.0
2492,1413,3,2,0.0
2493,1413,19,1,20.0
2494,1414,36,4,0.0
2495,1415,13,4,0.0
2496,1415,31,1,0.0
2497,1416,30,3,0.0
2498,1417,26,1,0.0
2499,1417,1,1,0.0
2500,1418,33,1,0.0
2501,1418,19,2,20.0
2502,1418,18,1,0.0
2503,1419,1,5,0.0
2504,1420,27,1,5.0
2505,1421,10,1,0.0
2506,1421,24,1,0.0
2507,1421,34,2,0.0
2508,1422,37,1,0.0
2509,1423,16,2,0.0
2510,1424,26,2,0.0
2511,1424,13,1,0.0
2512,1425,4,4,0.0
2513,1425,37,1,0.0
2514,1426,25,2,0.0
2515,1426,12,3,0.0
2516,1427,11,1,10.0
2517,1427,28,1,0.0
2518,1427,15,1,0.0
2519,1428,26,1,0.0
2520,1429,17,1,0.0
2521,1429,36,1,5.0
2522,1429,11,2,5.0
2523,1430,38,4,25.0
2524,1431,35,1,0.0
2525,1431,6,1,0.0
2526,1431,37,1,20.0
2527,1432,23,1,10.0
2528,1432,12,2,25.0
2529,1433,16,1,0.0
2530,1433,25,3,10.0
2531,1433,17,1,0.0
2532,1434,38,1,0.0
2533,1434,7,2,0.0
2534,1434,8,1,15.0
2535,1435,17,1,15.0
2536,1435,12,1,0.0
2537,1435,6,2,5.0
2538,1436,32,2,0.0
2539,1437,27,1,0.0
2540,1437,5,1,30.0
2541,1437,32,1,0.0
2542,1438,21,1,0.0
2543,1438,29,1,5.0
2544,1439,12,1,0.0
2545,1440,39,1,0.0
2546,1440,3,2,0.0
2547,1440,8,2,0.0
2548,1440,22,2,0.0
2549,1441,11,2,0.0
2550,1442,17,1,0.0
2551,1442,8,1,0.0
2552,1442,13,1,0.0
2553,1443,10,1,15.0
2554,1444,8,1,10.0
2555,1444,14,1,30.0
2556,1445,9,1,10.0
2557,1445,18,2,0.0
2558,1446,23,4,0.0
2559,1447,19,2,0.0
2560,1448,32,1,0.0
2561,1448,28,1,0.0
2562,1448,33,2,10.0
2563,1449,18,3,0.0
2564,1450,7,1,0.0
2565,1450,38,1,0.0
2566,1450,20,1,0.0
2567,1450,11,1,0.0
2568,1451,28,2,0.0
2569,1451,39,1,0.0
2570,1452,40,1,20.0
2571,1453,28,3,15.0
2572,1454,24,3,0.0
2573,1455,5,2,5.0
2574,1455,29,1,0.0
2575,1456,17,2,0.0
2576,1456,38,2,0.0
2577,1457,34,1,0.0
2578,1458,2,1,15.0
2579,1458,8,1,0.0
2580,1459,12,1,15.0
2581,1459,23,1,0.0
2582,1459,16,1,0.0
2583,1459,5,2,15.0
2584,1460,1,2,0.0
2585,1461,14,1,0.0
2586,1462,21,1,0.0
2587,1462,15,5,0.0
2588,1463,39,1,10.0
2589,1464,7,1,0.0
2590,1465,39,3,0.0
2591,1465,5,1,0.0
2592,1465,37,2,0.0
2593,1465,27,2,5.0
2594,1466,32,1,0.0
2595,1467,18,5,10.0
2596,1467,27,5,0.0
2597,1467,8,2,0.0
2598,1468,16,1,5.0
2599,1468,37,1,0.0
2600,1469,37,2,0.0
2601,1470,30,3,20.0
2602,1470,19,4,25.0
2603,1471,34,5,0.0
2604,1471,3,1,5.0
2605,1471,22,2,0.0
2606,1472,27,1,15.0
2607,1472,20,5,0.0
2608,1473,36,1,0.0
2609,1473,21,1,0.0
2610,1473,32,2,0.0
2611,1474,30,4,0.0
2612,1474,32,1,0.0
2613,1475,8,1,0.0
2614,1476,40,1,10.0
2615,1477,4,1,15.0
2616,1477,1,1,0.0
2617,1477,9,1,0.0
2618,1478,15,3,10.0
2619,1479,24,2,0.0
2620,1479,35,1,0.0
2621,1480,4,1,5.0
2622,1481,8,3,15.0
2623,1482,5,2,30.0
2624,1483,40,2,0.0
2625,1484,25,2,0.0
2626,1484,18,2,0.0
2627,1484,11,5,15.0
2628,1485,10,1,0.0
2629,1485,38,1,0.0
2630,1486,27,2,0.0
2631,1486,29,1,0.0
2632,1487,16,5,0.0
2633,1488,32,1,0.0
2634,1489,21,3,0.0
2635,1490,31,2,15.0
2636,1491,19,2,0.0
2637,1492,23,1,0.0
2638,1492,36,1,0.0
2639,1492,16,1,5.0
2640,1493,5,3,0.0
2641,1494,4,2,30.0
2642,1495,14,1,0.0
2643,1496,25,2,5.0
2644,1497,22,2,25.0
2645,1498,34,1,0.0
2646,1499,21,3,0.0
2647,1499,20,1,0.0
2648,1500,33,1,0.0
2649,1500,7,2,15.0
2650,1501,25,3,0.0
2651,1501,29,2,0.0
2652,1501,40,1,15.0
2653,1502,28,1,0.0
2654,1502,11,1,0.0
2655,1502,20,1,20.0
2656,1503,7,3,20.0
2657,1503,8,1,5.0
2658,1503,16,2,0.0
2659,1504,34,1,25.0
2660,1504,29,1,20.0
2661,1504,23,2,20.0
2662,1505,33,1,0.0
2663,1506,22,4,0.0
2664,1506,4,2,0.0
2665,1507,4,1,0.0
2666,1507,25,1,0.0
2667,1508,19,1,0.0
2668,1508,13,3,0.0
2669,1509,34,1,0.0
2670,1510,34,4,0.0
2671,1511,4,1,0.0
2672,1512,8,3,5.0
2673,1513,3,1,0.0
2674,1514,16,2,5.0
2675,1515,18,1,25.0
2676,1516,26,2,0.0
2677,1517,7,1,0.0
2678,1517,15,4,0.0
2679,1518,18,1,0.0
2680,1518,32,2,0.0
2681,1518,14,2,25.0
2682,1518,11,3,5.0
2683,1519,7,1,30.0
2684,1520,40,3,0.0
2685,1521,20,1,0.0
2686,1522,16,1,30.0
2687,1523,5,1,20.0
2688,1523,11,1,5.0
2689,1524,31,1,15.0
2690,1524,28,2,0.0
2691,1524,22,1,5.0
2692,1525,39,3,0.0
2693,1526,31,1,10.0
2694,1526,38,4,0.0
2695,1527,3,5,0.0
2696,1527,2,1,10.0
2697,1527,37,1,0.0
2698,1528,11,2,0.0
2699,1528,10,1,30.0
2700,1529,22,1,0.0
2701,1529,29,1,0.0
2702,1530,35,2,20.0
2703,1531,17,3,0.0
2704,1532,1,2,0.0
2705,1532,23,5,0.0
2706,1533,34,5,0.0
2707,1533,39,1,25.0
2708,1534,2,1,20.0
2709,1535,15,3,0.0
2710,1536,10,1,0.0
2711,1537,2,2,0.0
2712,1537,16,1,0.0
2713,1538,28,1,5.0
2714,1538,24,1,20.0
2715,1539,7,2,0.0
2716,1539,18,1,0.0
2717,1540,29,1,30.0
2718,1540,34,1,0.0
2719,1540,12,1,0.0
2720,1541,38,2,0.0
2721,1541,27,1,10.0
2722,1542,3,2,0.0
2723,1543,22,1,0.0
2724,1544,8,1,0.0
2725,1544,28,3,0.0
2726,1545,23,2,5.0
2727,1546,32,3,0.0
2728,1547,10,2,0.0
2729,1548,10,1,0.0
2730,1548,34,1,0.0
2731,1549,11,4,0.0
2732,1549,20,1,15.0
2733,1550,1,3,0.0
2734,1551,14,5,25.0
2735,1552,8,2,0.0
2736,1552,4,1,15.0
2737,1553,1,2,10.0
2738,1554,23,5,0.0
2739,1554,19,1,0.0
2740,1554,33,1,5.0
2741,1555,18,3,30.0
2742,1556,13,1,0.0
2743,1557,6,1,5.0
2744,1558,31,1,0.0
2745,1558,23,1,0.0
2746,1558,16,1,15.0
2747,1558,25,1,0.0
2748,1559,39,1,0.0
2749,1560,37,1,0.0
2750,1560,28,1,0.0
2751,1561,38,2,10.0
2752,1562,17,2,0.0
2753,1562,9,2,15.0
2754,1563,6,1,0.0
2755,1563,20,4,0.0
2756,1564,35,1,20.0
2757,1565,7,1,0.0
2758,1565,9,4,0.0
2759,1566,33,3,0.0
2760,1567,23,5,0.0
2761,1567,30,4,0.0
2762,1567,28,3,0.0
2763,1568,36,1,0.0
2764,1568,2,1,0.0
2765,1569,9,5,0.0
2766,1569,40,2,0.0
2767,1570,38,3,25.0
2768,1570,33,1,0.0
2769,1570,24,1,0.0
2770,1571,4,1,0.0
2771,1572,26,5,0.0
2772,1572,9,2,25.0
2773,1573,30,1,0.0
2774,1574,6,1,30.0
2775,1575,7,1,0.0
2776,1576,7,1,0.0
2777,1577,37,1,0.0
2778,1577,31,1,25.0
2779,1577,22,1,0.0
2780,1578,4,2,0.0
2781,1579,34,1,0.0
2782,1579,10,2,0.0
2783,1580,9,2,30.0
2784,1581,10,1,0.0
2785,1582,20,3,0.0
2786,1582,1,2,0.0
2787,1583,13,1,5.0
2788,1584,10,1,10.0
2789,1584,39,1,5.0
2790,1584,8,1,0.0
2791,1584,34,1,0.0
2792,1585,4,1,0.0
2793,1586,20,4,0.0
2794,1587,12,1,0.0
2795,1588,35,2,0.0
2796,1588,17,1,0.0
2797,1589,40,1,5.0
2798,1589,8,3,30.0
2799,1589,28,1,0.0
2800,1590,11,3,0.0
2801,1591,35,1,0.0
2802,1591,13,1,30.0
2803,1592,7,2,0.0
2804,1593,32,1,0.0
2805,1594,18,2,0.0
2806,1595,7,2,0.0
2807,1595,30,1,15.0
2808,1595,27,4,0.0
2809,1596,37,3,15.0
2810,1596,25,1,30.0
2811,1597,40,2,0.0
2812,1598,23,1,0.0
2813,1599,30,3,0.0
2814,1599,18,4,0.0
2815,1599,1,2,0.0
2816,1600,33,1,30.0
2817,1601,34,1,0.0
2818,1602,5,1,10.0
2819,1603,23,2,0.0
2820,1603,37,5,0.0
2821,1604,9,2,0.0
2822,1604,18,2,0.0
2823,1605,26,2,0.0
2824,1605,5,3,0.0
2825,1605,31,4,30.0
2826,1605,25,4,0.0
2827,1606,34,1,30.0
2828,1607,21,1,0.0
2829,1608,38,1,0.0
2830,1609,40,1,0.0
2831,1610,5,1,30.0
2832,1610,3,2,5.0
2833,1611,7,2,0.0
2834,1611,32,4,0.0
2835,1612,15,1,0.0
2836,1613,16,1,10.0
2837,1614,25,1,0.0
2838,1614,27,1,15.0
2839,1615,8,1,30.0
2840,1616,5,2,0.0
2841,1616,29,1,0.0
2842,1617,2,1,0.0
2843,1618,21,3,20.0
2844,1619,25,2,30.0
2845,1620,37,1,20.0
2846,1620,36,1,0.0
2847,1620,13,5,10.0
2848,1621,11,1,0.0
2849,1621,28,2,25.0
2850,1621,34,3,30.0
2851,1622,7,3,10.0
2852,1623,1,1,0.0
2853,1624,27,3,0.0
2854,1624,37,1,0.0
2855,1624,35,1,0.0
2856,1624,5,2,0.0
2857,1625,34,2,10.0
2858,1625,32,5,0.0
2859,1626,31,1,0.0
2860,1626,33,1,0.0
2861,1626,23,1,0.0
2862,1627,5,2,0.0
2863,1627,29,1,0.0
2864,1628,5,1,0.0
2865,1629,9,1,0.0
2866,1630,20,1,20.0
2867,1631,15,2,25.0
2868,1632,22,3,15.0
2869,1633,17,2,0.0
2870,1633,25,2,10.0
2871,1634,19,1,25.0
2872,1635,16,2,0.0
2873,1635,34,5,0.0
2874,1635,40,2,0.0
2875,1635,33,1,0.0
2876,1636,38,2,0.0
2877,1637,17,1,0.0
2878,1638,3,1,15.0
2879,1638,22,1,0.0
2880,1638,27,3,10.0
2881,1639,36,1,5.0
2882,1639,22,3,0.0
2883,1639,4,3,0.0
2884,1640,40,1,0.0
2885,1641,3,1,0.0
2886,1642,5,5,0.0
2887,1643,39,2,0.0
2888,1643,40,4,0.0
2889,1644,31,1,0.0
2890,1644,9,1,20.0
2891,1644,18,2,0.0
2892,1645,23,1,0.0
2893,1646,20,4,5.0
2894,1646,15,1,10.0
2895,1647,35,1,0.0
2896,1647,39,2,0.0
2897,1648,2,3,0.0
2898,1649,4,2,0.0
2899,1650,25,1,0.0
2900,1651,28,1,0.0
2901,1652,36,1,20.0
2902,1653,8,2,0.0
2903,1653,40,1,0.0
2904,1654,13,1,0.0
2905,1654,22,1,10.0
2906,1655,6,2,0.0
2907,1656,15,5,0.0
2908,1657,35,1,0.0
2909,1658,1,3,0.0
2910,1659,16,2,10.0
2911,1659,4,4,0.0
2912,1660,19,2,0.0
2913,1660,3,1,0.0
2914,1660,21,3,15.0
2915,1661,9,2,0.0
2916,1662,31,2,0.0
2917,1662,8,1,25.0
2918,1663,14,4,0.0
2919,1663,32,1,0.0
2920,1664,15,2,0.0
2921,1665,20,1,0.0
2922,1665,24,1,15.0
2923,1665,36,1,0.0
2924,1665,19,1,0.0
2925,1666,7,2,0.0
2926,1666,4,2,0.0
2927,1666,23,1,0.0
2928,1667,18,1,10.0
2929,1667,6,1,0.0
2930,1668,34,1,30.0
2931,1669,36,1,15.0
2932,1670,10,1,10.0
2933,1671,29,1,0.0
2934,1671,30,4,5.0
2935,1672,18,2,20.0
2936,1673,20,4,25.0
2937,1673,6,3,0.0
2938,1673,4,1,20.0
2939,1674,25,1,0.0
2940,1675,15,1,10.0
2941,1676,28,2,0.0
2942,1676,35,2,15.0
2943,1676,4,4,0.0
2944,1677,39,2,0.0
2945,1677,22,2,0.0
2946,1678,38,1,5.0
2947,1679,22,4,0.0
2948,1679,40,3,0.0
2949,1679,28,1,0.0
2950,1679,4,3,0.0
2951,1680,19,1,0.0
2952,1681,35,1,0.0
2953,1682,37,1,0.0
2954,1683,34,1,20.0
2955,1684,30,2,5.0
2956,1684,16,1,30.0
2957,1685,18,2,10.0
2958,1686,35,1,0.0
2959,1686,19,2,0.0
2960,1687,40,1,0.0
2961,1687,18,1,0.0
2962,1687,24,1,0.0
2963,1687,17,2,25.0
2964,1688,21,1,0.0
2965,1689,12,4,0.0
2966,1690,2,2,5.0
2967,1690,29,3,0.0
2968,1691,31,3,0.0
2969,1692,36,1,0.0
2970,1692,14,3,0.0
2971,1693,6,3,0.0
2972,1693,18,1,0.0
2973,1693,40,5,0.0
2974,1694,17,1,10.0
2975,1694,18,1,25.0
2976,1694,32,1,0.0
2977,1694,9,5,30.0
2978,1695,3,1,0.0
2979,1695,12,1,0.0
2980,1696,38,2,0.0
2981,1697,36,5,0.0
2982,1698,4,2,0.0
2983,1698,17,1,15.0
2984,1699,35,1,0.0
2985,1700,39,1,5.0
2986,1701,5,1,0.0
2987,1701,33,1,15.0
2988,1701,29,1,0.0
2989,1701,8,1,0.0
2990,1702,27,1,15.0
2991,1702,5,1,0.0
2992,1702,28,2,0.0
2993,1702,19,1,0.0
2994,1703,24,1,0.0
2995,1704,19,1,0.0
2996,1705,11,3,0.0
2997,1706,19,2,0.0
2998,1707,38,1,10.0
2999,1707,2,1,0.0
3000,1708,33,2,0.0
3001,1709,33,2,0.0
3002,1709,38,1,0.0
3003,1710,25,1,0.0
3004,1710,38,1,30.0
3005,1710,3,1,5.0
3006,1711,15,1,0.0
3007,1712,37,3,0.0
3008,1712,36,3,0.0
3009,1713,8,2,0.0
3010,1714,34,1,0.0
3011,1715,39,1,0.0
3012,1716,34,1,0.0
3013,1717,21,4,25.0
3014,1717,18,1,10.0
3015,1718,22,2,0.0
3016,1718,16,1,0.0
3017,1718,24,2,10.0
3018,1718,15,1,0.0
3019,1719,27,2,0.0
3020,1719,24,5,0.0
3021,1719,6,2,0.0
3022,1720,31,2,0.0
3023,1720,39,1,0.0
3024,1720,15,1,0.0
3025,1721,9,1,0.0
3026,1722,16,3,0.0
3027,1723,27,5,0.0
3028,1723,38,3,0.0
3029,1724,19,4,0.0
3030,1724,22,1,20.0
3031,1725,33,1,0.0
3032,1725,10,1,0.0
3033,1725,37,1,10.0
3034,1726,30,2,20.0
3035,1726,1,1,25.0
3036,1727,31,4,0.0
3037,1728,9,1,0.0
3038,1728,3,2,10.0
3039,1729,5,5,0.0
3040,1729,9,1,0.0
3041,1730,25,1,0.0
3042,1731,23,3,30.0
3043,1732,36,4,15.0
3044,1733,8,5,0.0
3045,1734,22,3,0.0
3046,1735,40,5,15.0
3047,1735,7,1,0.0
3048,1735,3,1,0.0
3049,1736,29,1,20.0
3050,1736,28,1,0.0
3051,1737,12,1,0.0
3052,1738,38,1,5.0
3053,1738,33,1,0.0
3054,1739,24,2,0.0
3055,1740,30,1,0.0
3056,1741,29,5,0.0
3057,1741,12,5,5.0
3058,1741,33,3,20.0
3059,1742,22,2,25.0
3060,1743,34,2,0.0
3061,1744,28,2,20.0
3062,1745,21,1,0.0
3063,1745,12,2,30.0
3064,1746,14,1,0.0
3065,1747,18,1,0.0
3066,1748,40,4,0.0
3067,1749,23,1,5.0
3068,1750,19,2,20.0
3069,1751,15,2,15.0
3070,1751,11,2,0.0
3071,1752,7,3,10.0
3072,1752,15,2,0.0
3073,1752,18,1,0.0
3074,1753,11,1,0.0
3075,1753,2,2,25.0
3076,1754,35,2,0.0
3077,1754,13,3,0.0
3078,1754,1,1,0.0
3079,1755,19,1,0.0
3080,1756,37,3,0.0
3081,1756,28,2,0.0
3082,1756,29,2,5.0
3083,1757,8,4,0.0
3084,1757,29,3,0.0
3085,1758,6,2,0.0
3086,1758,9,1,0.0
3087,1759,8,1,0.0
3088,1759,23,1,0.0
3089,1760,15,1,15.0
3090,1760,5,5,30.0
3091,1760,21,1,0.0
3092,1761,5,1,0.0
3093,1762,21,1,0.0
3094,1763,3,1,0.0
3095,1764,34,1,0.0
3096,1765,36,1,0.0
3097,1765,3,2,0.0
3098,1766,16,1,0.0
3099,1766,9,4,0.0
3100,1767,15,2,10.0
3101,1767,13,1,0.0
3102,1768,12,3,10.0
3103,1768,32,1,0.0
3104,1769,6,1,0.0
3105,1770,14,1,0.0
3106,1770,1,2,0.0
3107,1771,40,3,10.0
3108,1772,3,1,0.0
3109,1773,17,1,0.0
3110,1773,40,1,0.0
3111,1774,23,1,0.0
3112,1775,12,3,0.0
3113,1775,20,1,0.0
3114,1775,15,1,0.0
3115,1776,26,2,0.0
3116,1776,39,1,0.0
3117,1777,7,1,15.0
3118,1778,27,1,0.0
3119,1778,29,3,0.0
3120,1779,8,1,15.0
3121,1780,8,1,0.0
3122,1781,26,1,0.0
3123,1782,31,1,0.0
3124,1783,32,5,0.0
3125,1784,16,2,25.0
3126,1784,2,1,20.0
3127,1785,4,1,0.0
3128,1786,21,1,0.0
3129,1786,17,1,0.0
3130,1787,29,1,0.0
3131,1787,28,1,0.0
3132,1788,18,2,0.0
3133,1789,15,1,0.0
3134,1789,22,1,20.0
3135,1790,27,1,0.0
3136,1790,15,2,10.0
3137,1791,8,1,0.0
3138,1791,40,1,25.0
3139,1792,2,1,30.0
3140,1792,25,1,0.0
3141,1793,23,1,5.0
3142,1793,36,1,0.0
3143,1794,24,2,0.0
3144,1795,11,5,0.0
3145,1796,26,1,10.0
3146,1796,15,1,0.0
3147,1797,22,1,0.0
3148,1798,36,2,5.0
3149,1798,16,1,0.0
3150,1798,1,2,0.0
3151,1799,33,2,0.0
3152,1800,32,1,15.0
3153,1800,3,1,30.0
3154,1801,16,2,5.0
3155,1801,3,1,0.0
3156,1802,25,2,0.0
3157,1803,9,1,0.0
3158,1804,18,1,0.0
3159,1805,5,5,0.0
3160,1805,33,2,0.0
3161,1806,27,1,30.0
3162,1807,35,1,0.0
3163,1808,10,1,0.0
3164,1808,7,5,25.0
3165,1808,38,1,0.0
3166,1809,21,1,0.0
3167,1809,28,1,15.0
3168,1810,30,3,15.0
3169,1811,37,3,0.0
3170,1811,31,2,0.0
3171,1812,15,1,15.0
3172,1812,27,1,0.0
3173,1812,36,2,0.0
3174,1813,16,2,20.0
3175,1813,25,1,0.0
3176,1814,24,4,0.0
3177,1815,7,1,5.0
3178,1815,29,2,0.0
3179,1816,15,1,0.0
3180,1816,29,3,15.0
3181,1816,24,4,0.0
3182,1817,6,4,20.0
3183,1817,7,1,0.0
3184,1817,36,1,20.0
3185,1818,40,1,0.0
3186,1819,34,1,0.0
3187,1820,37,1,0.0
3188,1821,4,3,0.0
3189,1822,17,2,0.0
3190,1823,22,1,30.0
3191,1823,10,4,0.0
3192,1824,27,1,10.0
3193,1824,1,1,0.0
3194,1825,32,1,0.0
3195,1826,21,1,0.0
3196,1827,16,2,0.0
3197,1827,21,1,0.0
3198,1827,30,1,0.0
3199,1828,6,1,0.0
3200,1829,28,3,0.0
3201,1830,25,3,5.0
3202,1831,11,5,0.0
3203,1832,8,2,5.0
3204,1832,11,1,20.0
3205,1833,32,3,0.0
3206,1833,11,2,0.0
3207,1833,34,1,0.0
3208,1834,26,1,20.0
3209,1834,1,2,0.0
3210,1835,18,1,0.0
3211,1835,34,1,0.0
3212,1835,21,1,0.0
3213,1836,10,1,0.0
3214,1836,19,1,25.0
3215,1837,24,2,0.0
3216,1838,17,2,0.0
3217,1839,14,2,0.0
3218,1840,9,1,20.0
3219,1840,11,1,20.0
3220,1840,34,3,5.0
3221,1840,31,1,0.0
3222,1841,13,3,5.0
3223,1842,35,2,20.0
3224,1842,30,1,0.0
3225,1842,22,1,30.0
3226,1842,7,1,0.0
3227,1843,15,2,0.0
3228,1843,23,3,0.0
3229,1844,18,2,20.0
3230,1845,38,1,0.0
3231,1846,24,1,0.0
3232,1846,40,2,0.0
3233,1847,36,4,0.0
3234,1847,35,2,25.0
3235,1848,10,1,15.0
3236,1848,7,1,0.0
3237,1848,14,1,25.0
3238,1849,38,2,0.0
3239,1849,25,2,0.0
3240,1850,38,1,0.0
3241,1851,40,2,0.0
3242,1852,31,2,10.0
3243,1852,14,1,0.0
3244,1853,6,2,0.0
3245,1854,40,1,20.0
3246,1854,10,2,0.0
3247,1855,21,2,5.0
3248,1856,9,2,0.0
3249,1856,33,1,0.0
3250,1856,29,1,0.0
3251,1857,8,2,0.0
3252,1857,16,2,0.0
3253,1858,25,1,0.0
3254,1858,31,4,0.0
3255,1859,21,1,25.0
3256,1859,34,2,0.0
3257,1860,11,1,0.0
3258,1861,18,2,0.0
3259,1862,28,2,0.0
3260,1862,36,1,0.0
3261,1862,29,1,0.0
3262,1863,36,1,0.0
3263,1864,23,4,15.0
3264,1864,12,1,0.0
3265,1865,23,4,25.0
3266,1865,28,1,0.0
3267,1866,13,2,0.0
3268,1866,25,2,0.0
3269,1867,1,2,15.0
3270,1868,34,1,15.0
3271,1868,13,1,0.0
3272,1869,24,3,0.0
3273,1870,33,3,0.0
3274,1870,1,1,15.0
3275,1871,31,1,0.0
3276,1872,17,1,5.0
3277,1873,37,1,0.0
3278,1873,2,1,0.0
3279,1874,39,2,0.0
3280,1875,32,2,0.0
3281,1875,12,5,0.0
3282,1876,35,1,0.0
3283,1877,3,1,0.0
3284,1878,40,1,0.0
3285,1878,10,1,10.0
3286,1879,6,5,0.0
3287,1880,8,1,0.0
3288,1880,4,1,5.0
3289,1880,29,3,0.0
3290,1881,18,1,0.0
3291,1881,13,1,0.0
3292,1881,40,4,0.0
3293,1881,2,2,0.0
3294,1882,11,2,0.0
3295,1883,38,3,30.0
3296,1883,24,2,0.0
3297,1883,34,2,0.0
3298,1884,4,3,25.0
3299,1885,10,4,0.0
3300,1886,6,3,5.0
3301,1887,18,1,0.0
3302,1888,33,2,0.0
3303,1889,1,2,0.0
3304,1889,20,1,20.0
3305,1889,18,1,0.0
3306,1890,6,2,5.0
3307,1890,37,2,5.0
3308,1890,30,2,25.0
3309,1891,2,1,0.0
3310,1891,11,2,15.0
3311,1892,30,3,0.0
3312,1892,6,3,0.0
3313,1893,20,1,0.0
3314,1894,13,1,0.0
3315,1895,9,3,30.0
3316,1895,20,1,15.0
3317,1896,9,4,0.0
3318,1897,27,1,10.0
3319,1897,15,2,15.0
3320,1897,13,1,20.0
3321,1898,17,1,15.0
3322,1899,38,1,0.0
3323,1900,34,2,25.0
3324,1900,29,1,0.0
3325,1900,11,1,0.0
3326,1901,14,2,0.0
3327,1902,28,1,30.0
3328,1902,23,1,0.0
3329,1902,19,2,0.0
3330,1903,18,1,0.0
3331,1903,6,2,10.0
3332,1904,30,1,5.0
3333,1904,17,1,0.0
3334,1905,12,3,0.0
3335,1906,30,3,0.0
3336,1906,38,2,0.0
3337,1906,21,2,0.0
3338,1906,24,2,0.0
3339,1907,7,1,20.0
3340,1907,23,1,0.0
3341,1907,1,2,0.0
3342,1908,7,1,0.0
3343,1908,12,2,0.0
3344,1909,30,1,5.0
3345,1909,35,2,0.0
3346,1910,40,4,0.0
3347,1911,37,2,0.0
3348,1911,28,1,0.0
3349,1912,16,2,15.0
3350,1913,39,1,0.0
3351,1914,26,3,0.0
3352,1915,15,1,20.0
3353,1915,33,2,0.0
3354,1916,37,2,25.0
3355,1916,26,1,15.0
3356,1916,38,2,0.0
3357,1917,34,1,25.0
3358,1918,9,2,15.0
3359,1919,4,4,0.0
3360,1920,20,1,0.0
3361,1921,10,1,0.0
3362,1922,30,1,5.0
3363,1922,26,1,0.0
3364,1923,13,1,0.0
3365,1924,20,2,0.0
3366,1925,12,2,0.0
3367,1925,16,1,0.0
3368,1926,16,4,0.0
3369,1926,10,1,0.0
3370,1927,24,1,10.0
3371,1928,23,1,25.0
3372,1929,26,1,0.0
3373,1929,14,5,0.0
3374,1930,30,1,0.0
3375,1931,7,3,0.0
3376,1931,25,1,15.0
3377,1931,9,2,0.0
3378,1931,21,3,0.0
3379,1932,28,1,0.0
3380,1933,35,1,0.0
3381,1933,5,1,0.0
3382,1933,23,1,0.0
3383,1934,15,3,0.0
3384,1935,12,3,0.0
3385,1936,24,1,0.0
3386,1936,22,1,25.0
3387,1937,26,4,0.0
3388,1937,5,1,10.0
3389,1938,3,2,20.0
3390,1939,6,1,0.0
3391,1939,22,2,10.0
3392,1940,19,1,0.0
3393,1940,20,1,0.0
3394,1941,3,2,20.0
3395,1942,12,1,0.0
3396,1942,11,1,0.0
3397,1943,7,3,0.0
3398,1944,6,1,0.0
3399,1945,7,1,0.0
3400,1945,26,1,15.0
3401,1946,9,1,0.0
3402,1947,25,1,30.0
3403,1947,30,1,0.0
3404,1948,26,1,0.0
3405,1948,28,2,0.0
3406,1949,17,1,0.0
3407,1950,8,1,0.0
3408,1951,29,1,0.0
3409,1951,33,1,0.0
3410,1951,24,1,0.0
3411,1952,24,1,10.0
3412,1953,28,1,0.0
3413,1954,25,1,30.0
3414,1954,6,2,0.0
3415,1954,10,3,25.0
3416,1955,30,3,0.0
3417,1956,30,1,20.0
3418,1956,19,5,0.0
3419,1957,4,1,0.0
3420,1958,24,1,0.0
3421,1958,17,1,0.0
3422,1959,2,2,0.0
3423,1960,12,2,0.0
3424,1960,19,4,15.0
3425,1961,20,1,0.0
3426,1962,39,2,0.0
3427,1962,8,1,30.0
3428,1963,26,3,5.0
3429,1964,35,2,0.0
3430,1964,7,1,0.0
3431,1964,9,5,20.0
3432,1964,10,3,0.0
3433,1965,16,3,0.0
3434,1965,34,3,15.0
3435,1966,24,3,0.0
3436,1966,3,2,0.0
3437,1966,10,2,0.0
3438,1967,7,2,0.0
3439,1968,6,5,0.0
3440,1968,22,1,0.0
3441,1969,28,1,30.0
3442,1969,26,2,30.0
3443,1970,6,1,0.0
3444,1970,28,1,0.0
3445,1971,37,1,15.0
3446,1972,40,1,0.0
3447,1972,33,1,0.0
3448,1973,4,1,0.0
3449,1974,31,1,0.0
3450,1974,14,3,0.0
3451,1975,12,1,30.0
3452,1976,3,2,0.0
3453,1977,12,4,20.0
3454,1977,19,2,20.0
3455,1978,9,2,20.0
3456,1979,39,1,5.0
3457,1979,21,1,0.0
3458,1979,7,2,25.0
3459,1980,19,5,0.0
3460,1981,39,1,0.0
3461,1982,38,3,0.0
3462,1982,27,1,0.0
3463,1982,39,4,0.0
3464,1982,22,1,0.0
3465,1983,21,4,0.0
3466,1984,29,1,0.0
3467,1984,10,1,0.0
3468,1985,14,1,0.0
3469,1985,35,2,0.0
3470,1986,17,1,25.0
3471,1986,26,2,0.0
3472,1987,32,1,30.0
3473,1987,36,1,0.0
3474,1987,23,1,0.0
3475,1988,19,3,0.0
3476,1988,21,1,0.0
3477,1989,10,1,0.0
3478,1990,11,1,0.0
3479,1990,40,3,0.0
3480,1991,2,2,0.0
3481,1992,19,2,0.0
3482,1992,36,1,0.0
3483,1993,25,1,25.0
3484,1993,35,1,0.0
3485,1994,8,2,0.0
3486,1994,7,1,5.0
3487,1995,37,3,10.0
3488,1996,26,1,0.0
3489,1996,36,2,25.0
3490,1996,27,1,15.0
3491,1997,7,3,0.0
3492,1997,21,1,0.0
3493,1998,15,1,0.0
3494,1998,26,2,0.0
3495,1999,29,4,0.0
3496,1999,11,1,15.0
3497,2000,1,1,0.0
