order_id,customer_id,order_date,status
1,194,2024-10-13,Delivered
2,476,2024-12-26,Delivered
3,113,2024-06-16,Pending
4,114,2024-07-05,Shipped
5,222,2024-11-17,Pending
6,166,2023-03-13,Delivered
7,435,2023-12-05,Delivered
8,319,2024-11-10,Pending
9,132,2023-11-04,Shipped
10,385,2024-11-13,Delivered
11,264,2024-02-17,Shipped
12,413,2024-11-21,Pending
13,55,2024-11-11,Delivered
14,359,2024-11-24,Shipped
15,131,2023-06-28,Delivered
16,288,2023-11-05,Delivered
17,266,2023-10-01,Delivered
18,458,2024-03-16,Pending
19,467,2024-09-13,Pending
20,366,2024-04-21,Pending
21,162,2024-11-22,Delivered
22,380,2023-06-23,Shipped
23,481,2023-10-18,Shipped
24,87,2024-10-10,Shipped
25,55,2023-04-06,Shipped
26,476,2023-08-29,Pending
27,288,2023-08-19,Delivered
28,178,2023-10-28,Delivered
29,391,2024-05-01,Delivered
30,349,2023-03-16,Delivered
31,8,2024-10-06,Delivered
32,321,2024-12-14,Shipped
33,313,2024-12-14,Delivered
34,247,2024-10-05,Delivered
35,323,2024-12-11,Shipped
36,472,2024-06-14,Delivered
37,471,2024-10-24,Delivered
38,443,2024-11-12,Delivered
39,255,2024-11-14,Delivered
40,328,2024-07-26,Delivered
41,54,2024-03-29,Delivered
42,249,2024-05-31,Delivered
43,239,2024-07-15,Pending
44,229,2023-06-12,Delivered
45,67,2024-05-01,Shipped
46,51,2023-09-11,Delivered
47,97,2023-10-11,Delivered
48,92,2024-06-17,Shipped
49,495,2023-10-02,Delivered
50,264,2023-11-20,Delivered
51,418,2023-11-24,Delivered
52,291,2023-10-24,Delivered
53,96,2024-01-28,Delivered
54,88,2024-11-24,Delivered
55,78,2024-11-22,Delivered
56,288,2024-11-01,Delivered
57,120,2024-02-03,Shipped
58,302,2024-08-21,Shipped
59,491,2023-01-21,Cancelled
60,400,2024-08-12,Delivered
61,452,2023-01-07,Pending
62,500,2023-11-02,Delivered
63,165,2024-03-05,Delivered
64,182,2024-07-13,Delivered
65,469,2023-08-14,Shipped
66,398,2023-10-07,Delivered
67,223,2023-01-30,Delivered
68,311,2024-11-15,Delivered
69,432,2024-02-19,Pending
70,466,2024-04-23,Shipped
71,7,2024-09-29,Shipped
72,330,2024-02-08,Delivered
73,263,2024-12-09,Delivered
74,161,2024-11-14,Delivered
75,151,2023-11-06,Delivered
76,85,2023-11-02,Delivered
77,147,2023-12-12,Shipped
78,112,2024-11-24,Cancelled
79,381,2023-09-16,Shipped
80,403,2024-12-26,Shipped
81,36,2023-02-23,Cancelled
82,285,2023-10-25,Delivered
83,188,2024-10-28,Delivered
84,82,2023-10-11,Cancelled
85,2,2024-10-28,Delivered
86,385,2024-04-29,Shipped
87,303,2024-07-31,Delivered
88,197,2024-04-21,Delivered
89,404,2024-12-13,Shipped
90,11,2023-04-28,Cancelled
91,234,2023-06-17,Shipped
92,386,2023-04-21,Delivered
93,195,2023-11-16,Pending
94,471,2024-01-20,Delivered
95,119,2023-12-23,Delivered
96,396,2024-12-04,Delivered
97,20,2023-11-05,Delivered
98,261,2024-09-06,Delivered
99,293,2024-08-02,Cancelled
100,422,2023-12-22,Shipped
101,256,2024-11-08,Delivered
102,222,2024-06-02,Delivered
103,393,2023-01-13,Cancelled
104,226,2024-11-16,Cancelled
105,53,2024-10-12,Shipped
106,428,2024-04-15,Delivered
107,355,2024-12-21,Delivered
108,500,2024-12-28,Delivered
109,342,2024-05-10,Delivered
110,364,2024-10-28,Delivered
111,280,2023-11-28,Cancelled
112,81,2023-09-07,Delivered
113,202,2024-08-06,Delivered
114,158,2024-11-24,Delivered
115,120,2023-10-28,Delivered
116,59,2023-12-30,Delivered
117,494,2023-12-15,Delivered
118,215,2024-12-19,Delivered
119,128,2024-10-23,Shipped
120,224,2023-11-28,Cancelled
121,209,2024-05-15,Delivered
122,370,2023-09-04,Delivered
123,115,2024-10-23,Pending
124,209,2024-04-03,Delivered
125,14,2023-11-06,Delivered
126,9,2024-12-09,Pending
127,40,2024-08-18,Delivered
128,450,2024-07-20,Delivered
129,237,2024-03-11,Delivered
130,281,2024-12-17,Delivered
131,359,2024-11-09,Delivered
132,201,2023-10-25,Shipped
133,246,2023-12-20,Delivered
134,278,2024-10-07,Delivered
135,235,2024-12-10,Shipped
136,494,2024-06-21,Delivered
137,4,2023-04-13,Delivered
138,154,2023-10-28,Pending
139,442,2023-12-06,Delivered
140,29,2023-10-10,Pending
141,109,2024-10-20,Shipped
142,98,2024-10-15,Delivered
143,215,2024-10-17,Delivered
144,293,2024-11-10,Cancelled
145,75,2024-10-27,Delivered
146,326,2023-09-16,Shipped
147,146,2024-10-04,Delivered
148,128,2024-02-15,Delivered
149,341,2024-08-13,Delivered
150,42,2023-12-24,Cancelled
151,356,2023-10-08,Cancelled
152,41,2023-05-02,Delivered
153,422,2024-03-02,Delivered
154,34,2024-12-25,Shipped
155,17,2024-01-25,Delivered
156,165,2024-12-28,Delivered
157,153,2024-12-15,Shipped
158,486,2023-03-03,Delivered
159,378,2023-04-12,Cancelled
160,76,2023-08-01,Delivered
161,87,2023-09-28,Delivered
162,117,2023-12-10,Delivered
163,362,2023-11-18,Shipped
164,342,2024-04-06,Delivered
165,469,2024-10-26,Delivered
166,27,2023-10-23,Delivered
167,313,2024-12-20,Pending
168,287,2023-03-14,Delivered
169,134,2023-09-28,Delivered
170,219,2024-10-02,Shipped
171,168,2023-07-22,Delivered
172,98,2024-10-11,Delivered
173,268,2023-09-30,Pending
174,237,2023-11-15,Delivered
175,309,2024-09-01,Shipped
176,455,2024-08-05,Delivered
177,394,2024-12-25,Shipped
178,173,2023-11-08,Delivered
179,401,2023-10-06,Delivered
180,410,2024-05-20,Cancelled
181,469,2024-11-04,Shipped
182,476,2023-11-27,Delivered
183,190,2023-12-27,Delivered
184,122,2024-08-12,Pending
185,46,2023-01-22,Delivered
186,64,2024-11-19,Shipped
187,130,2024-10-13,Shipped
188,310,2024-04-26,Delivered
189,363,2024-03-28,Delivered
190,193,2023-07-05,Shipped
191,307,2024-03-22,Delivered
192,181,2024-05-18,Delivered
193,292,2024-11-26,Cancelled
194,371,2023-11-25,Delivered
195,282,2023-12-14,Shipped
196,29,2024-11-22,Delivered
197,149,2024-10-17,Delivered
198,267,2023-10-19,Delivered
199,296,2024-02-18,Delivered
200,11,2023-01-02,Delivered
201,164,2024-07-09,Delivered
202,113,2023-11-25,Shipped
203,187,2024-09-29,Delivered
204,295,2024-10-02,Delivered
205,232,2023-12-22,Delivered
206,227,2023-05-15,Delivered
207,310,2024-03-24,Delivered
208,98,2024-12-11,Delivered
209,55,2024-09-15,Delivered
210,111,2024-12-27,Delivered
211,152,2023-01-15,Delivered
212,246,2023-10-06,Shipped
213,406,2024-04-17,Delivered
214,69,2024-10-25,Delivered
215,312,2024-05-25,Delivered
216,289,2023-10-26,Delivered
217,250,2023-10-07,Pending
218,36,2024-05-09,Delivered
219,239,2023-09-07,Delivered
220,148,2023-05-29,Delivered
221,467,2024-09-05,Delivered
222,227,2023-05-20,Delivered
223,244,2023-10-10,Delivered
224,491,2024-12-28,Pending
225,337,2023-10-01,Delivered
226,446,2023-10-17,Delivered
227,365,2024-08-24,Delivered
228,491,2024-11-06,Delivered
229,482,2023-06-02,Delivered
230,201,2024-12-10,Shipped
231,154,2024-07-10,Pending
232,450,2023-11-26,Delivered
233,73,2024-11-15,Shipped
234,201,2023-08-28,Cancelled
235,296,2024-12-25,Pending
236,17,2024-04-29,Delivered
237,129,2024-01-26,Shipped
238,217,2024-11-10,Delivered
239,61,2024-10-29,Cancelled
240,427,2024-05-22,Delivered
241,104,2023-05-10,Delivered
242,42,2024-10-27,Shipped
243,25,2024-11-26,Delivered
244,39,2023-01-16,Cancelled
245,291,2024-02-24,Cancelled
246,131,2023-11-08,Shipped
247,498,2023-12-13,Delivered
248,229,2024-02-12,Shipped
249,108,2023-12-03,Delivered
250,172,2024-06-30,Delivered
251,435,2023-11-21,Pending
252,478,2024-05-14,Delivered
253,102,2023-02-06,Delivered
254,354,2023-08-29,Cancelled
255,12,2023-10-22,Delivered
256,275,2023-04-03,Delivered
257,101,2023-04-11,Cancelled
258,44,2024-12-21,Delivered
259,443,2024-11-28,Shipped
260,305,2023-10-28,Cancelled
261,445,2023-10-28,Cancelled
262,17,2024-12-17,Shipped
263,330,2024-02-26,Delivered
264,57,2023-10-04,Delivered
265,311,2024-09-16,Pending
266,497,2024-09-26,Pending
267,303,2024-05-24,Delivered
268,12,2023-12-27,Delivered
269,318,2023-09-18,Delivered
270,80,2024-11-13,Delivered
271,216,2023-10-22,Shipped
272,339,2023-11-11,Delivered
273,264,2024-11-24,Cancelled
274,479,2024-11-07,Shipped
275,149,2023-07-23,Delivered
276,81,2024-11-09,Delivered
277,215,2024-08-08,Delivered
278,485,2023-10-30,Delivered
279,374,2023-12-28,Shipped
280,464,2024-12-10,Pending
281,198,2024-12-03,Pending
282,200,2023-02-20,Delivered
283,25,2024-05-23,Delivered
284,466,2023-10-21,Shipped
285,89,2023-08-24,Delivered
286,268,2023-10-27,Delivered
287,143,2024-12-27,Delivered
288,59,2024-11-06,Shipped
289,410,2023-05-21,Delivered
290,489,2024-10-04,Shipped
291,365,2023-11-13,Cancelled
292,26,2023-02-04,Delivered
293,47,2023-11-15,Delivered
294,288,2023-12-01,Delivered
295,266,2023-12-28,Pending
296,16,2024-01-10,Delivered
297,199,2023-10-07,Delivered
298,401,2023-09-21,Delivered
299,407,2024-05-08,Shipped
300,282,2023-10-30,Delivered
301,469,2023-12-13,Shipped
302,86,2024-04-24,Cancelled
303,250,2023-05-25,Delivered
304,391,2023-08-20,Pending
305,270,2024-11-21,Delivered
306,335,2024-07-24,Pending
307,117,2024-12-09,Shipped
308,7,2023-05-07,Pending
309,137,2024-11-19,Delivered
310,371,2023-09-26,Delivered
311,176,2024-10-15,Delivered
312,328,2023-04-21,Delivered
313,498,2024-12-27,Delivered
314,315,2023-12-02,Delivered
315,215,2023-08-15,Delivered
316,477,2024-10-12,Delivered
317,82,2024-11-18,Pending
318,223,2023-10-28,Delivered
319,478,2023-11-08,Delivered
320,372,2023-12-28,Delivered
321,423,2023-05-19,Delivered
322,483,2024-01-15,Cancelled
323,402,2024-12-14,Delivered
324,443,2024-03-05,Shipped
325,490,2023-06-08,Cancelled
326,103,2024-11-01,Pending
327,273,2024-09-22,Shipped
328,14,2023-11-14,Pending
329,159,2023-08-11,Cancelled
330,152,2023-08-30,Delivered
331,483,2023-04-12,Delivered
332,108,2024-01-12,Delivered
333,188,2024-10-22,Delivered
334,301,2024-10-12,Delivered
335,98,2024-10-10,Delivered
336,131,2024-10-19,Delivered
337,293,2023-11-22,Delivered
338,171,2023-09-07,Delivered
339,424,2024-12-01,Delivered
340,474,2023-08-01,Delivered
341,183,2023-10-27,Delivered
342,471,2024-10-02,Delivered
343,364,2023-05-14,Pending
344,39,2023-10-28,Delivered
345,15,2023-10-15,Delivered
346,376,2024-10-25,Shipped
347,497,2023-12-28,Delivered
348,4,2024-03-07,Delivered
349,349,2023-03-07,Pending
350,470,2024-01-06,Pending
351,409,2023-04-22,Delivered
352,397,2023-08-15,Delivered
353,210,2023-02-14,Cancelled
354,161,2024-11-05,Delivered
355,16,2024-04-14,Delivered
356,493,2023-11-01,Pending
357,426,2024-02-16,Delivered
358,108,2023-04-21,Delivered
359,382,2024-10-28,Delivered
360,450,2023-11-26,Shipped
361,311,2023-12-09,Delivered
362,227,2024-10-10,Shipped
363,170,2024-12-28,Delivered
364,34,2024-12-27,Delivered
365,414,2024-09-11,Delivered
366,251,2024-12-19,Shipped
367,247,2024-10-28,Delivered
368,269,2024-07-18,Delivered
369,141,2023-08-09,Pending
370,274,2023-08-22,Delivered
371,416,2024-04-09,Cancelled
372,96,2023-11-08,Delivered
373,227,2024-10-12,Shipped
374,379,2024-12-04,Delivered
375,39,2023-10-10,Cancelled
376,302,2023-04-06,Delivered
377,500,2024-01-17,Delivered
378,29,2024-12-23,Delivered
379,446,2024-10-28,Delivered
380,497,2024-02-25,Delivered
381,477,2024-11-12,Cancelled
382,318,2024-03-09,Delivered
383,245,2023-02-22,Shipped
384,236,2024-10-06,Delivered
385,185,2024-08-14,Shipped
386,272,2023-06-08,Delivered
387,440,2023-08-18,Delivered
388,236,2023-12-25,Shipped
389,239,2024-11-12,Cancelled
390,377,2024-11-10,Delivered
391,266,2024-07-28,Delivered
392,414,2024-09-28,Delivered
393,409,2024-10-20,Cancelled
394,359,2024-09-15,Delivered
395,340,2024-10-11,Delivered
396,389,2023-10-07,Pending
397,65,2023-11-13,Delivered
398,478,2023-10-26,Delivered
399,177,2024-08-02,Delivered
400,3,2023-12-13,Cancelled
401,429,2023-12-01,Delivered
402,142,2023-08-09,Delivered
403,376,2024-11-09,Delivered
404,158,2023-11-16,Delivered
405,498,2024-08-04,Delivered
406,324,2023-12-23,Delivered
407,146,2023-02-20,Delivered
408,446,2023-10-06,Delivered
409,293,2024-03-10,Delivered
410,153,2024-03-28,Delivered
411,432,2023-08-09,Pending
412,193,2023-10-27,Delivered
413,437,2023-10-18,Pending
414,494,2024-08-30,Pending
415,463,2024-10-14,Delivered
416,73,2024-02-09,Delivered
417,399,2023-11-26,Delivered
418,305,2023-08-05,Delivered
419,377,2023-10-19,Delivered
420,344,2023-01-08,Delivered
421,452,2024-11-16,Delivered
422,140,2024-06-29,Pending
423,187,2024-05-27,Delivered
424,293,2024-11-15,Pending
425,61,2023-03-15,Delivered
426,485,2023-02-13,Pending
427,427,2024-04-15,Delivered
428,380,2023-11-17,Delivered
429,198,2024-08-10,Shipped
430,295,2024-10-17,Delivered
431,440,2023-04-28,Delivered
432,319,2023-12-28,Cancelled
433,302,2024-04-16,Delivered
434,344,2024-10-06,Delivered
435,11,2023-09-07,Shipped
436,62,2024-02-15,Pending
437,333,2024-02-10,Shipped
438,226,2023-10-14,Delivered
439,153,2023-03-20,Shipped
440,199,2023-04-27,Delivered
441,52,2023-07-18,Shipped
442,260,2023-12-24,Cancelled
443,59,2024-10-22,Shipped
444,72,2023-11-28,Pending
445,148,2023-10-22,Delivered
446,349,2024-12-02,Shipped
447,63,2024-05-20,Pending
448,310,2024-07-31,Delivered
449,373,2024-04-04,Pending
450,243,2024-08-01,Delivered
451,493,2024-12-01,Shipped
452,366,2023-10-20,Pending
453,330,2024-04-25,Shipped
454,107,2023-11-07,Delivered
455,226,2024-12-28,Delivered
456,313,2023-11-17,Delivered
457,218,2023-11-08,Cancelled
458,425,2023-03-20,Delivered
459,241,2023-04-03,Delivered
460,259,2024-06-03,Shipped
461,376,2024-08-17,Delivered
462,262,2023-02-12,Delivered
463,5,2024-08-08,Delivered
464,261,2023-11-26,Pending
465,54,2024-10-28,Delivered
466,47,2024-11-06,Delivered
467,215,2023-03-28,Delivered
468,177,2023-12-26,Delivered
469,9,2024-03-24,Delivered
470,99,2024-06-20,Delivered
471,20,2023-06-12,Delivered
472,378,2023-10-17,Shipped
473,241,2023-12-13,Delivered
474,61,2023-02-23,Pending
475,379,2024-11-24,Cancelled
476,490,2023-04-07,Pending
477,419,2024-12-28,Shipped
478,178,2024-11-03,Delivered
479,338,2024-09-09,Delivered
480,62,2023-12-08,Delivered
481,145,2023-05-25,Delivered
482,216,2023-11-14,Cancelled
483,3,2024-12-16,Pending
484,160,2023-05-13,Delivered
485,227,2023-11-28,Delivered
486,486,2024-10-20,Pending
487,269,2023-05-11,Delivered
488,120,2024-12-02,Delivered
489,381,2023-04-06,Pending
490,495,2024-03-09,Delivered
491,89,2023-01-19,Delivered
492,329,2023-07-04,Delivered
493,68,2023-12-16,Pending
494,398,2024-10-12,Delivered
495,357,2023-10-08,Delivered
496,98,2024-06-03,Delivered
497,267,2024-11-23,Delivered
498,105,2024-11-24,Delivered
499,440,2023-12-07,Shipped
500,323,2024-10-01,Delivered
501,123,2023-06-19,Pending
502,476,2023-02-14,Delivered
503,29,2024-11-23,Delivered
504,137,2024-03-30,Delivered
505,195,2024-10-04,Delivered
506,409,2023-11-13,Delivered
507,226,2024-04-25,Delivered
508,332,2023-07-18,Delivered
509,170,2024-08-07,Delivered
510,9,2024-04-17,Delivered
511,463,2024-01-27,Shipped
512,40,2024-03-04,Cancelled
513,25,2023-07-24,Delivered
514,261,2023-05-22,Delivered
515,395,2023-02-23,Delivered
516,443,2024-01-16,Delivered
517,226,2023-04-16,Delivered
518,472,2024-06-12,Shipped
519,124,2023-10-19,Delivered
520,463,2023-10-07,Delivered
521,38,2024-11-09,Pending
522,328,2023-04-04,Delivered
523,251,2023-08-16,Pending
524,389,2023-12-24,Delivered
525,176,2024-12-28,Delivered
526,90,2024-10-18,Delivered
527,402,2024-11-19,Delivered
528,454,2023-04-12,Cancelled
529,37,2024-10-27,Delivered
530,316,2023-11-21,Cancelled
531,176,2024-12-13,Delivered
532,461,2024-12-23,Delivered
533,284,2024-10-22,Delivered
534,453,2023-10-20,Delivered
535,461,2024-07-15,Cancelled
536,81,2024-09-15,Delivered
537,114,2023-04-24,Delivered
538,40,2023-10-01,Delivered
539,301,2023-09-02,Delivered
540,224,2024-09-29,Delivered
541,318,2023-04-24,Delivered
542,349,2024-05-26,Pending
543,115,2023-01-17,Delivered
544,186,2024-10-11,Delivered
545,323,2023-10-26,Delivered
546,56,2024-09-21,Delivered
547,40,2024-08-07,Cancelled
548,354,2024-11-11,Delivered
549,40,2024-06-20,Delivered
550,347,2023-03-11,Delivered
551,461,2024-07-11,Delivered
552,237,2024-06-03,Delivered
553,289,2024-02-04,Cancelled
554,262,2023-02-14,Shipped
555,216,2024-10-18,Cancelled
556,147,2024-01-01,Delivered
557,336,2023-12-20,Delivered
558,168,2024-12-05,Delivered
559,92,2023-11-07,Delivered
560,353,2024-12-13,Pending
561,59,2023-06-29,Delivered
562,59,2024-12-02,Pending
563,304,2024-12-13,Shipped
564,169,2023-07-06,Delivered
565,269,2023-03-06,Delivered
566,363,2024-10-13,Shipped
567,45,2023-02-14,Delivered
568,345,2023-11-12,Pending
569,181,2024-06-11,Delivered
570,170,2024-07-10,Delivered
571,356,2023-02-07,Delivered
572,191,2023-10-15,Cancelled
573,155,2024-10-02,Delivered
574,422,2024-01-12,Pending
575,188,2024-02-14,Delivered
576,7,2024-10-28,Shipped
577,133,2024-05-23,Shipped
578,235,2024-01-12,Delivered
579,45,2024-10-15,Delivered
580,314,2024-12-10,Shipped
581,249,2023-07-04,Delivered
582,499,2023-11-25,Shipped
583,31,2024-11-07,Delivered
584,23,2024-09-09,Pending
585,426,2023-06-20,Shipped
586,394,2023-12-26,Cancelled
587,160,2023-12-28,Delivered
588,363,2024-10-21,Delivered
589,437,2023-03-18,Delivered
590,158,2024-02-20,Delivered
591,39,2024-10-26,Delivered
592,415,2023-05-27,Delivered
593,82,2024-11-25,Shipped
594,356,2023-10-05,Delivered
595,258,2024-10-22,Delivered
596,206,2024-01-28,Shipped
597,77,2023-02-03,Delivered
598,477,2024-11-26,Delivered
599,12,2024-01-15,Cancelled
600,295,2023-03-20,Cancelled
601,450,2024-06-26,Delivered
602,224,2023-11-18,Delivered
603,13,2023-09-13,Shipped
604,46,2023-01-27,Delivered
605,155,2024-05-26,Delivered
606,113,2024-11-28,Delivered
607,233,2024-12-21,Delivered
608,17,2024-11-18,Delivered
609,360,2023-10-24,Delivered
610,223,2024-12-07,Delivered
611,354,2024-03-31,Cancelled
612,188,2024-11-29,Delivered
613,448,2023-11-24,Shipped
614,344,2024-12-27,Pending
615,365,2023-10-25,Delivered
616,163,2023-06-11,Delivered
617,496,2024-12-18,Delivered
618,326,2024-01-06,Delivered
619,467,2023-05-05,Pending
620,414,2023-11-23,Delivered
621,455,2023-01-27,Cancelled
622,74,2024-08-09,Delivered
623,233,2024-10-18,Delivered
624,224,2023-12-09,Delivered
625,482,2024-05-05,Delivered
626,319,2024-02-24,Delivered
627,412,2023-11-17,Delivered
628,60,2024-11-19,Delivered
629,335,2024-11-27,Delivered
630,222,2023-05-12,Cancelled
631,37,2024-07-18,Delivered
632,477,2023-07-06,Shipped
633,278,2023-05-13,Shipped
634,196,2023-02-26,Cancelled
635,404,2024-10-14,Delivered
636,352,2023-12-15,Pending
637,484,2023-12-19,Delivered
638,242,2023-10-18,Delivered
639,324,2023-12-14,Delivered
640,219,2023-11-09,Pending
641,192,2024-09-21,Delivered
642,17,2024-05-29,Shipped
643,12,2024-08-29,Delivered
644,406,2023-12-07,Shipped
645,401,2024-12-11,Cancelled
646,394,2023-02-12,Delivered
647,374,2023-12-28,Cancelled
648,193,2024-10-13,Delivered
649,22,2024-08-08,Delivered
650,474,2024-12-16,Delivered
651,120,2024-11-12,Delivered
652,210,2024-12-09,Delivered
653,306,2024-10-20,Delivered
654,270,2024-11-06,Delivered
655,192,2024-03-01,Cancelled
656,175,2023-10-28,Pending
657,285,2023-11-17,Pending
658,204,2023-11-23,Pending
659,164,2023-12-20,Shipped
660,251,2023-05-14,Delivered
661,227,2024-06-11,Delivered
662,436,2023-10-23,Shipped
663,381,2023-10-01,Delivered
664,460,2023-11-25,Shipped
665,7,2024-01-29,Delivered
666,29,2024-10-04,Delivered
667,395,2023-12-02,Delivered
668,33,2023-10-17,Delivered
669,134,2024-05-25,Delivered
670,367,2024-04-23,Shipped
671,79,2023-11-12,Delivered
672,416,2023-04-03,Delivered
673,435,2024-06-01,Pending
674,459,2023-11-04,Shipped
675,58,2023-11-19,Delivered
676,471,2024-09-03,Pending
677,26,2024-10-31,Delivered
678,482,2023-10-20,Delivered
679,430,2023-04-21,Delivered
680,226,2023-09-28,Shipped
681,285,2024-02-17,Shipped
682,4,2024-12-15,Delivered
683,465,2023-07-19,Pending
684,99,2023-12-23,Delivered
685,397,2024-04-06,Delivered
686,489,2023-10-14,Delivered
687,39,2024-09-30,Delivered
688,271,2023-10-02,Delivered
689,375,2024-02-08,Delivered
690,285,2023-12-14,Pending
691,157,2024-01-10,Delivered
692,75,2023-07-23,Delivered
693,372,2024-02-16,Delivered
694,288,2023-12-16,Delivered
695,130,2023-12-08,Delivered
696,175,2024-06-15,Shipped
697,462,2024-09-12,Delivered
698,84,2023-12-24,Shipped
699,22,2023-12-23,Pending
700,459,2023-11-03,Delivered
701,27,2024-06-03,Pending
702,195,2024-06-29,Delivered
703,337,2024-10-28,Delivered
704,382,2024-10-13,Delivered
705,236,2024-03-02,Delivered
706,440,2024-12-05,Delivered
707,92,2024-09-03,Delivered
708,477,2024-11-02,Delivered
709,21,2024-08-15,Delivered
710,303,2023-02-22,Delivered
711,464,2023-06-24,Cancelled
712,357,2024-09-26,Shipped
713,443,2024-12-25,Delivered
714,84,2023-12-06,Delivered
715,262,2023-11-23,Pending
716,147,2023-11-18,Pending
717,441,2024-02-27,Shipped
718,453,2024-02-25,Delivered
719,387,2024-09-18,Delivered
720,257,2023-03-05,Delivered
721,58,2024-11-15,Delivered
722,380,2024-11-09,Shipped
723,422,2024-10-21,Shipped
724,15,2024-04-15,Delivered
725,162,2023-12-17,Pending
726,445,2024-11-23,Delivered
727,163,2024-11-28,Delivered
728,320,2024-11-10,Delivered
729,497,2023-07-16,Cancelled
730,281,2023-10-13,Delivered
731,280,2023-08-19,Cancelled
732,12,2023-11-01,Pending
733,274,2024-12-22,Delivered
734,271,2024-11-15,Delivered
735,492,2024-07-27,Pending
736,208,2023-12-08,Delivered
737,27,2024-11-23,Cancelled
738,72,2024-02-09,Cancelled
739,60,2023-11-28,Delivered
740,430,2023-11-22,Delivered
741,473,2024-11-02,Cancelled
742,145,2023-12-08,Shipped
743,93,2023-10-05,Delivered
744,309,2024-10-13,Delivered
745,8,2024-09-22,Delivered
746,79,2023-12-03,Cancelled
747,27,2024-10-27,Pending
748,174,2023-11-23,Shipped
749,50,2024-10-28,Delivered
750,500,2023-01-06,Delivered
751,199,2023-06-11,Pending
752,387,2024-05-02,Delivered
753,349,2023-07-24,Delivered
754,448,2023-12-22,Delivered
755,428,2023-03-02,Shipped
756,181,2023-04-02,Cancelled
757,24,2023-08-26,Delivered
758,316,2023-02-08,Delivered
759,378,2023-06-29,Delivered
760,387,2023-06-30,Cancelled
761,404,2023-02-07,Delivered
762,46,2024-02-11,Delivered
763,15,2023-07-10,Delivered
764,153,2023-10-24,Pending
765,222,2023-12-10,Delivered
766,206,2023-04-20,Delivered
767,455,2023-12-10,Delivered
768,273,2024-07-10,Shipped
769,382,2023-05-18,Delivered
770,236,2024-10-24,Pending
771,340,2023-11-05,Delivered
772,228,2024-10-25,Delivered
773,9,2023-01-15,Delivered
774,166,2023-10-30,Shipped
775,432,2023-12-17,Delivered
776,444,2024-02-20,Pending
777,319,2024-11-11,Shipped
778,214,2024-10-16,Delivered
779,117,2024-10-03,Shipped
780,386,2023-10-07,Shipped
781,344,2024-04-02,Delivered
782,72,2023-12-04,Delivered
783,395,2024-12-09,Cancelled
784,64,2024-01-04,Delivered
785,205,2023-03-05,Shipped
786,209,2024-11-21,Cancelled
787,72,2024-12-03,Delivered
788,277,2024-12-21,Shipped
789,274,2024-11-07,Delivered
790,478,2024-01-12,Delivered
791,320,2023-08-13,Delivered
792,338,2024-12-04,Delivered
793,366,2024-09-12,Shipped
794,495,2024-12-19,Pending
795,95,2024-04-27,Shipped
796,166,2024-11-11,Delivered
797,32,2023-09-11,Delivered
798,11,2024-09-02,Shipped
799,301,2023-03-25,Delivered
800,217,2024-06-24,Cancelled
801,289,2023-03-21,Pending
802,102,2023-12-25,Shipped
803,425,2024-12-01,Cancelled
804,392,2023-12-03,Delivered
805,267,2024-10-28,Shipped
806,214,2024-08-20,Delivered
807,179,2024-06-06,Cancelled
808,88,2023-02-26,Delivered
809,41,2024-06-09,Shipped
810,401,2024-11-28,Pending
811,76,2024-11-19,Delivered
812,377,2023-01-23,Delivered
813,46,2023-01-04,Shipped
814,160,2024-11-15,Delivered
815,463,2023-12-19,Delivered
816,80,2024-07-08,Delivered
817,310,2023-03-12,Delivered
818,86,2024-11-28,Pending
819,92,2023-07-04,Delivered
820,148,2024-10-18,Delivered
821,161,2024-10-23,Delivered
822,202,2024-01-19,Delivered
823,424,2024-01-27,Delivered
824,416,2024-01-22,Delivered
825,242,2024-11-30,Delivered
826,353,2024-11-06,Delivered
827,2,2023-12-02,Shipped
828,225,2024-02-07,Delivered
829,289,2023-08-17,Delivered
830,233,2023-01-24,Delivered
831,461,2024-04-19,Delivered
832,414,2024-07-11,Shipped
833,417,2024-01-24,Delivered
834,77,2023-09-11,Pending
835,116,2023-12-08,Shipped
836,154,2023-12-26,Delivered
837,406,2024-03-05,Pending
838,103,2023-10-17,Delivered
839,194,2023-04-14,Delivered
840,166,2024-04-02,Delivered
841,359,2024-12-21,Delivered
842,90,2023-09-08,Pending
843,174,2024-02-16,Shipped
844,122,2024-10-06,Cancelled
845,498,2023-05-24,Delivered
846,143,2023-12-24,Delivered
847,482,2024-12-12,Delivered
848,106,2024-11-19,Shipped
849,375,2023-10-28,Delivered
850,428,2024-11-07,Cancelled
851,305,2024-10-28,Delivered
852,360,2024-07-24,Delivered
853,459,2023-06-29,Shipped
854,317,2024-03-13,Delivered
855,451,2023-02-18,Delivered
856,123,2024-10-20,Shipped
857,390,2024-11-21,Delivered
858,9,2024-11-23,Shipped
859,262,2023-07-08,Delivered
860,73,2024-10-28,Pending
861,359,2023-11-04,Pending
862,223,2023-05-28,Delivered
863,416,2023-03-01,Delivered
864,41,2024-03-02,Cancelled
865,370,2023-05-18,Delivered
866,204,2023-12-19,Cancelled
867,264,2023-03-22,Delivered
868,328,2024-12-15,Delivered
869,178,2023-11-15,Pending
870,348,2024-11-20,Cancelled
871,318,2023-02-10,Delivered
872,84,2023-07-12,Shipped
873,318,2024-08-24,Delivered
874,111,2024-10-26,Delivered
875,251,2023-10-07,Shipped
876,383,2023-08-05,Shipped
877,7,2023-05-01,Cancelled
878,459,2024-05-05,Delivered
879,84,2024-12-13,Delivered
880,208,2023-07-29,Delivered
881,388,2023-09-03,Delivered
882,390,2023-10-17,Delivered
883,314,2024-06-30,Shipped
884,22,2023-12-12,Delivered
885,410,2024-05-24,Cancelled
886,383,2024-04-25,Cancelled
887,3,2023-11-24,Delivered
888,127,2024-10-15,Cancelled
889,297,2024-07-30,Shipped
890,188,2023-12-28,Delivered
891,362,2024-08-21,Delivered
892,14,2024-10-03,Delivered
893,459,2023-12-04,Delivered
894,466,2023-09-09,Pending
895,12,2024-11-01,Delivered
896,87,2023-11-12,Pending
897,12,2024-10-19,Shipped
898,397,2024-11-16,Delivered
899,25,2023-12-23,Cancelled
900,301,2024-12-15,Delivered
901,243,2024-10-19,Delivered
902,122,2024-10-20,Shipped
903,147,2024-10-15,Delivered
904,55,2024-12-27,Delivered
905,238,2023-10-25,Delivered
906,356,2023-11-10,Delivered
907,173,2024-12-18,Cancelled
908,392,2024-11-13,Delivered
909,221,2024-05-09,Delivered
910,119,2023-12-17,Delivered
911,309,2024-12-26,Cancelled
912,183,2023-10-09,Delivered
913,288,2023-12-21,Delivered
914,307,2024-11-21,Delivered
915,300,2023-10-03,Delivered
916,82,2024-10-20,Pending
917,454,2024-09-26,Shipped
918,402,2023-11-28,Delivered
919,211,2023-03-22,Shipped
920,150,2024-02-20,Delivered
921,37,2023-09-07,Cancelled
922,352,2023-10-20,Cancelled
923,312,2024-10-31,Delivered
924,361,2024-10-27,Pending
925,59,2023-04-06,Shipped
926,131,2024-01-22,Delivered
927,412,2023-02-27,Delivered
928,202,2024-11-20,Delivered
929,243,2024-03-20,Shipped
930,35,2023-12-06,Cancelled
931,445,2023-04-08,Shipped
932,93,2023-12-13,Pending
933,438,2024-08-03,Delivered
934,447,2023-02-17,Pending
935,207,2024-12-01,Shipped
936,353,2024-07-10,Delivered
937,391,2023-11-03,Delivered
938,332,2023-01-17,Pending
939,305,2024-12-24,Delivered
940,350,2024-02-12,Pending
941,213,2023-10-03,Delivered
942,159,2024-08-03,Delivered
943,442,2024-02-03,Pending
944,445,2024-12-07,Delivered
945,24,2023-05-24,Delivered
946,404,2024-12-06,Delivered
947,293,2024-05-27,Pending
948,4,2023-11-21,Delivered
949,220,2023-08-26,Cancelled
950,364,2023-12-15,Delivered
951,382,2024-09-20,Cancelled
952,20,2024-02-11,Cancelled
953,444,2023-11-01,Delivered
954,152,2024-04-06,Delivered
955,50,2023-12-31,Delivered
956,177,2024-01-20,Delivered
957,435,2024-11-27,Delivered
958,96,2024-12-25,Delivered
959,105,2023-10-30,Delivered
960,420,2023-10-17,Delivered
961,250,2024-01-25,Delivered
962,117,2024-11-11,Delivered
963,354,2023-11-21,Cancelled
964,228,2023-11-04,Delivered
965,66,2024-03-31,Delivered
966,335,2023-10-04,Delivered
967,418,2023-07-11,Pending
968,420,2024-07-24,Cancelled
969,262,2024-10-22,Pending
970,295,2023-12-29,Cancelled
971,426,2024-09-03,Delivered
972,243,2023-11-29,Pending
973,371,2023-11-13,Shipped
974,186,2023-03-28,Delivered
975,246,2024-07-26,Cancelled
976,125,2023-09-06,Delivered
977,268,2023-06-23,Shipped
978,131,2023-11-23,Delivered
979,237,2023-10-02,Delivered
980,18,2023-11-06,Shipped
981,40,2024-10-07,Delivered
982,21,2024-10-05,Delivered
983,399,2024-10-02,Delivered
984,225,2024-10-23,Pending
985,355,2023-11-19,Delivered
986,282,2023-12-07,Delivered
987,8,2024-01-25,Cancelled
988,100,2023-12-04,Pending
989,240,2024-03-16,Delivered
990,478,2024-10-28,Shipped
991,87,2023-12-20,Pending
992,298,2024-11-12,Pending
993,428,2023-07-01,Delivered
994,14,2023-12-23,Delivered
995,334,2024-10-10,Delivered
996,2,2024-08-12,Delivered
997,375,2023-11-30,Delivered
998,293,2024-02-07,Delivered
999,325,2024-12-28,Delivered
1000,422,2023-07-04,Delivered
1001,493,2024-12-17,Delivered
1002,41,2024-04-17,Pending
1003,318,2023-08-03,Delivered
1004,316,2023-10-26,Delivered
1005,381,2023-03-12,Pending
1006,111,2024-02-23,Delivered
1007,14,2023-05-23,Shipped
1008,231,2023-10-05,Shipped
1009,473,2024-03-09,Delivered
1010,84,2023-03-17,Pending
1011,130,2024-09-04,Delivered
1012,231,2024-02-15,Delivered
1013,326,2024-12-09,Delivered
1014,145,2023-02-07,Delivered
1015,379,2024-01-04,Cancelled
1016,345,2024-07-03,Delivered
1017,28,2023-10-28,Delivered
1018,66,2024-11-04,Delivered
1019,163,2023-06-20,Delivered
1020,229,2023-02-15,Delivered
1021,261,2024-10-22,Delivered
1022,449,2024-02-14,Shipped
1023,424,2023-12-06,Delivered
1024,460,2024-10-16,Delivered
1025,440,2023-12-22,Delivered
1026,164,2024-06-15,Delivered
1027,301,2024-12-05,Pending
1028,407,2024-04-01,Delivered
1029,303,2024-04-19,Delivered
1030,287,2024-08-25,Delivered
1031,395,2023-10-04,Shipped
1032,10,2024-11-09,Delivered
1033,195,2023-12-28,Delivered
1034,118,2023-11-26,Shipped
1035,270,2024-04-11,Delivered
1036,80,2024-06-17,Pending
1037,458,2024-12-02,Pending
1038,93,2024-12-14,Delivered
1039,266,2023-12-10,Delivered
1040,332,2023-11-28,Delivered
1041,350,2024-10-25,Delivered
1042,361,2023-09-07,Cancelled
1043,257,2024-12-19,Delivered
1044,133,2024-03-12,Delivered
1045,276,2023-08-26,Shipped
1046,264,2024-12-06,Delivered
1047,171,2024-11-04,Delivered
1048,460,2023-01-30,Delivered
1049,1,2023-07-22,Delivered
1050,313,2024-03-15,Shipped
1051,64,2024-11-22,Delivered
1052,374,2024-12-21,Delivered
1053,468,2023-03-06,Delivered
1054,284,2024-11-03,Delivered
1055,121,2023-07-21,Delivered
1056,107,2023-09-26,Delivered
1057,421,2024-05-16,Delivered
1058,175,2024-11-16,Cancelled
1059,485,2024-09-17,Delivered
1060,204,2023-11-27,Delivered
1061,165,2024-12-24,Delivered
1062,305,2024-12-23,Shipped
1063,497,2024-09-21,Shipped
1064,120,2024-10-19,Delivered
1065,44,2023-10-02,Cancelled
1066,312,2024-01-18,Delivered
1067,156,2024-06-07,Delivered
1068,367,2024-11-02,Delivered
1069,207,2024-12-09,Delivered
1070,390,2024-07-04,Pending
1071,108,2024-10-22,Delivered
1072,251,2023-06-27,Delivered
1073,445,2024-10-16,Pending
1074,404,2023-11-19,Delivered
1075,370,2024-11-26,Delivered
1076,334,2023-01-10,Delivered
1077,130,2023-07-19,Delivered
1078,457,2024-07-29,Delivered
1079,293,2024-05-21,Shipped
1080,20,2024-05-18,Delivered
1081,282,2024-03-30,Delivered
1082,285,2023-03-26,Shipped
1083,1,2023-11-14,Shipped
1084,119,2023-08-19,Delivered
1085,35,2023-06-22,Delivered
1086,198,2024-08-02,Delivered
1087,485,2024-05-22,Delivered
1088,245,2023-04-26,Delivered
1089,59,2023-10-02,Delivered
1090,325,2024-01-11,Cancelled
1091,161,2023-02-12,Delivered
1092,497,2024-03-27,Shipped
1093,179,2024-12-11,Delivered
1094,206,2023-10-11,Shipped
1095,12,2024-10-05,Delivered
1096,490,2024-03-25,Pending
1097,276,2023-05-01,Delivered
1098,181,2023-12-28,Delivered
1099,242,2024-08-25,Delivered
1100,216,2024-12-28,Shipped
1101,251,2024-10-14,Delivered
1102,299,2023-07-31,Delivered
1103,126,2023-03-02,Delivered
1104,482,2024-12-28,Delivered
1105,217,2023-12-22,Delivered
1106,306,2023-11-27,Delivered
1107,285,2024-06-10,Cancelled
1108,185,2024-11-26,Shipped
1109,39,2023-05-19,Cancelled
1110,223,2024-02-26,Delivered
1111,184,2023-10-11,Pending
1112,495,2023-05-10,Pending
1113,427,2023-12-16,Shipped
1114,178,2023-11-26,Delivered
1115,407,2024-11-23,Delivered
1116,428,2023-05-26,Pending
1117,294,2023-10-03,Delivered
1118,340,2024-01-20,Delivered
1119,151,2024-10-10,Delivered
1120,384,2023-04-06,Cancelled
1121,126,2023-10-12,Pending
1122,301,2024-01-13,Cancelled
1123,308,2024-10-14,Delivered
1124,336,2023-04-06,Delivered
1125,434,2024-04-14,Delivered
1126,234,2024-12-15,Delivered
1127,380,2023-03-06,Delivered
1128,375,2024-11-12,Delivered
1129,8,2023-08-05,Delivered
1130,498,2023-11-27,Delivered
1131,341,2023-12-12,Cancelled
1132,129,2023-05-14,Delivered
1133,264,2024-05-11,Pending
1134,157,2024-11-29,Delivered
1135,352,2023-11-17,Delivered
1136,358,2023-10-17,Delivered
1137,5,2024-03-27,Delivered
1138,495,2024-12-14,Delivered
1139,86,2023-05-16,Shipped
1140,175,2023-11-06,Delivered
1141,290,2023-04-06,Delivered
1142,193,2023-12-14,Delivered
1143,311,2024-11-26,Cancelled
1144,119,2024-12-02,Shipped
1145,218,2023-08-28,Shipped
1146,427,2023-04-04,Delivered
1147,458,2023-10-02,Shipped
1148,414,2023-05-16,Shipped
1149,114,2024-06-15,Delivered
1150,466,2023-11-10,Cancelled
1151,145,2023-05-04,Delivered
1152,26,2024-03-08,Cancelled
1153,136,2024-11-04,Cancelled
1154,303,2023-04-02,Delivered
1155,232,2023-11-15,Delivered
1156,369,2023-10-03,Cancelled
1157,76,2024-10-18,Delivered
1158,475,2023-12-27,Delivered
1159,328,2023-01-09,Cancelled
1160,345,2023-06-18,Delivered
1161,302,2023-08-07,Delivered
1162,452,2023-06-05,Delivered
1163,289,2024-09-22,Delivered
1164,1,2023-10-11,Delivered
1165,147,2023-05-24,Delivered
1166,287,2024-08-26,Delivered
1167,464,2023-12-26,Delivered
1168,142,2023-11-19,Shipped
1169,53,2023-10-11,Delivered
1170,304,2023-09-12,Delivered
1171,69,2024-09-06,Shipped
1172,361,2023-10-19,Delivered
1173,90,2024-12-08,Delivered
1174,446,2023-12-05,Delivered
1175,220,2024-11-05,Cancelled
1176,450,2023-10-30,Delivered
1177,498,2023-09-03,Delivered
1178,192,2023-12-26,Shipped
1179,454,2024-10-28,Delivered
1180,63,2024-01-05,Delivered
1181,73,2023-05-16,Delivered
1182,161,2024-08-05,Delivered
1183,169,2024-07-13,Shipped
1184,89,2024-04-27,Delivered
1185,176,2023-10-16,Delivered
1186,269,2023-10-15,Delivered
1187,73,2023-03-03,Shipped
1188,245,2024-02-12,Delivered
1189,77,2024-10-05,Delivered
1190,159,2024-03-01,Delivered
1191,489,2024-12-16,Delivered
1192,459,2024-07-04,Delivered
1193,324,2023-10-12,Delivered
1194,98,2024-06-07,Delivered
1195,381,2023-06-09,Delivered
1196,102,2024-02-05,Delivered
1197,494,2024-10-27,Cancelled
1198,132,2023-11-09,Delivered
1199,102,2023-10-02,Shipped
1200,19,2024-12-20,Delivered
1201,454,2024-12-15,Delivered
1202,482,2024-11-04,Delivered
1203,82,2023-10-03,Delivered
1204,397,2024-11-19,Delivered
1205,489,2023-12-22,Cancelled
1206,279,2023-10-23,Delivered
1207,339,2023-10-03,Cancelled
1208,365,2023-05-01,Delivered
1209,331,2023-11-28,Shipped
1210,129,2023-10-06,Delivered
1211,344,2023-09-27,Shipped
1212,310,2024-08-13,Delivered
1213,455,2024-05-23,Shipped
1214,89,2024-12-04,Delivered
1215,213,2023-06-20,Shipped
1216,143,2023-09-19,Delivered
1217,65,2024-08-10,Pending
1218,76,2023-12-28,Delivered
1219,199,2023-10-03,Pending
1220,143,2023-11-08,Pending
1221,405,2024-01-28,Pending
1222,403,2023-07-03,Delivered
1223,316,2023-02-06,Delivered
1224,93,2024-11-02,Cancelled
1225,473,2023-12-26,Delivered
1226,417,2023-10-24,Delivered
1227,305,2024-08-08,Shipped
1228,224,2024-05-29,Shipped
1229,497,2023-12-23,Delivered
1230,291,2023-02-17,Shipped
1231,428,2023-03-12,Pending
1232,102,2023-10-17,Delivered
1233,474,2023-12-15,Cancelled
1234,267,2024-10-12,Delivered
1235,355,2023-10-26,Delivered
1236,456,2023-11-08,Delivered
1237,110,2023-09-06,Delivered
1238,462,2024-08-28,Cancelled
1239,330,2023-07-20,Delivered
1240,450,2024-07-13,Delivered
1241,430,2023-11-09,Delivered
1242,265,2023-11-25,Delivered
1243,3,2024-10-13,Delivered
1244,85,2023-01-10,Delivered
1245,282,2023-01-02,Delivered
1246,328,2024-01-21,Pending
1247,304,2023-12-11,Delivered
1248,450,2023-09-01,Delivered
1249,454,2023-03-03,Delivered
1250,412,2023-05-26,Shipped
1251,117,2023-10-06,Delivered
1252,221,2024-06-16,Delivered
1253,154,2024-01-17,Delivered
1254,153,2023-03-28,Cancelled
1255,12,2024-11-01,Delivered
1256,133,2023-03-18,Shipped
1257,482,2023-03-05,Delivered
1258,304,2023-11-14,Delivered
1259,293,2023-11-19,Shipped
1260,463,2024-02-07,Delivered
1261,300,2023-11-01,Pending
1262,228,2023-10-28,Cancelled
1263,271,2023-05-20,Pending
1264,43,2024-10-21,Delivered
1265,432,2023-06-18,Shipped
1266,343,2023-11-18,Delivered
1267,326,2024-07-02,Pending
1268,302,2023-08-01,Delivered
1269,498,2024-10-19,Pending
1270,364,2023-12-03,Delivered
1271,379,2023-11-08,Delivered
1272,427,2024-12-14,Delivered
1273,493,2023-08-09,Shipped
1274,21,2023-12-02,Delivered
1275,407,2023-09-12,Delivered
1276,107,2024-02-10,Shipped
1277,336,2024-10-24,Delivered
1278,303,2023-02-01,Delivered
1279,117,2024-04-08,Delivered
1280,124,2024-11-17,Delivered
1281,399,2023-04-15,Delivered
1282,281,2023-10-24,Delivered
1283,292,2023-11-16,Delivered
1284,203,2024-01-17,Delivered
1285,51,2024-12-22,Shipped
1286,271,2023-09-23,Delivered
1287,324,2023-10-18,Delivered
1288,277,2023-07-22,Cancelled
1289,141,2024-03-30,Delivered
1290,470,2023-04-05,Delivered
1291,275,2023-11-06,Shipped
1292,290,2023-12-21,Cancelled
1293,334,2024-03-19,Shipped
1294,381,2024-02-09,Shipped
1295,452,2024-01-27,Pending
1296,496,2023-06-26,Delivered
1297,373,2023-11-11,Pending
1298,52,2023-12-02,Delivered
1299,494,2024-11-23,Cancelled
1300,27,2024-05-25,Delivered
1301,157,2024-07-17,Delivered
1302,239,2023-10-28,Delivered
1303,156,2024-12-05,Shipped
1304,291,2023-09-13,Delivered
1305,136,2024-07-10,Pending
1306,144,2024-01-27,Pending
1307,106,2024-01-03,Delivered
1308,420,2024-12-11,Pending
1309,158,2024-11-28,Shipped
1310,146,2023-12-04,Delivered
1311,2,2023-11-13,Delivered
1312,433,2023-03-01,Delivered
1313,77,2024-04-28,Delivered
1314,132,2024-08-21,Delivered
1315,90,2023-12-13,Cancelled
1316,345,2023-12-04,Delivered
1317,350,2023-02-27,Pending
1318,459,2023-08-13,Delivered
1319,263,2024-02-02,Delivered
1320,351,2023-12-27,Shipped
1321,108,2023-11-22,Pending
1322,74,2024-12-15,Delivered
1323,39,2024-12-28,Delivered
1324,397,2023-12-27,Delivered
1325,159,2024-10-28,Delivered
1326,71,2024-05-19,Delivered
1327,447,2023-06-29,Delivered
1328,312,2023-12-03,Delivered
1329,241,2023-11-13,Shipped
1330,426,2023-12-01,Delivered
1331,445,2023-07-26,Delivered
1332,298,2023-12-15,Delivered
1333,440,2023-10-28,Shipped
1334,36,2024-08-23,Pending
1335,84,2023-05-26,Delivered
1336,452,2024-06-22,Shipped
1337,374,2023-03-16,Delivered
1338,263,2024-11-09,Delivered
1339,310,2023-11-14,Delivered
1340,385,2023-05-20,Delivered
1341,172,2024-03-23,Shipped
1342,376,2024-05-13,Pending
1343,173,2023-06-28,Delivered
1344,362,2024-07-29,Delivered
1345,47,2024-09-20,Delivered
1346,379,2023-08-17,Delivered
1347,141,2023-06-29,Delivered
1348,375,2024-10-06,Delivered
1349,406,2023-01-02,Delivered
1350,118,2024-08-09,Delivered
1351,277,2024-12-04,Delivered
1352,214,2023-11-22,Delivered
1353,220,2024-12-18,Shipped
1354,393,2023-04-17,Delivered
1355,26,2023-10-25,Cancelled
1356,9,2023-11-01,Delivered
1357,271,2023-06-21,Shipped
1358,10,2023-04-01,Pending
1359,472,2024-11-17,Shipped
1360,378,2023-12-10,Delivered
1361,121,2023-12-28,Shipped
1362,125,2023-03-11,Delivered
1363,170,2023-04-21,Delivered
1364,72,2023-02-19,Delivered
1365,152,2024-03-05,Delivered
1366,208,2024-02-28,Delivered
1367,49,2024-01-23,Cancelled
1368,154,2024-11-20,Shipped
1369,347,2024-08-14,Delivered
1370,293,2024-11-04,Cancelled
1371,68,2023-03-17,Delivered
1372,50,2023-11-04,Cancelled
1373,152,2023-09-25,Delivered
1374,19,2023-11-17,Delivered
1375,100,2023-06-14,Shipped
1376,60,2024-07-14,Shipped
1377,167,2023-12-06,Shipped
1378,202,2024-05-09,Cancelled
1379,345,2024-03-17,Shipped
1380,146,2023-06-18,Delivered
1381,403,2024-10-20,Pending
1382,164,2023-10-06,Shipped
1383,458,2024-02-24,Delivered
1384,481,2024-11-07,Pending
1385,439,2023-10-01,Delivered
1386,242,2024-02-07,Shipped
1387,69,2024-11-17,Pending
1388,175,2023-01-04,Shipped
1389,49,2023-10-29,Shipped
1390,483,2024-10-02,Shipped
1391,108,2023-10-24,Delivered
1392,226,2023-06-24,Pending
1393,161,2023-03-25,Delivered
1394,119,2023-11-28,Delivered
1395,149,2024-04-27,Delivered
1396,465,2024-12-07,Delivered
1397,150,2024-07-11,Delivered
1398,432,2024-01-15,Pending
1399,293,2024-10-14,Delivered
1400,143,2023-09-27,Delivered
1401,419,2023-11-27,Delivered
1402,476,2024-12-28,Delivered
1403,455,2024-12-14,Delivered
1404,160,2023-12-19,Delivered
1405,11,2024-02-28,Delivered
1406,138,2024-10-26,Delivered
1407,457,2024-02-01,Delivered
1408,78,2024-03-04,Delivered
1409,77,2024-12-04,Delivered
1410,441,2024-05-01,Shipped
1411,254,2023-08-30,Pending
1412,409,2023-03-22,Delivered
1413,258,2023-02-05,Cancelled
1414,320,2024-06-13,Delivered
1415,291,2024-11-24,Delivered
1416,263,2023-11-28,Cancelled
1417,85,2023-06-27,Delivered
1418,146,2023-06-21,Cancelled
1419,323,2023-11-17,Delivered
1420,42,2023-03-22,Delivered
1421,374,2024-12-21,Delivered
1422,125,2023-06-01,Shipped
1423,167,2023-12-22,Delivered
1424,425,2023-12-10,Shipped
1425,241,2024-02-11,Delivered
1426,459,2023-10-10,Delivered
1427,487,2023-01-13,Delivered
1428,280,2024-09-30,Delivered
1429,188,2024-10-05,Cancelled
1430,302,2023-06-01,Delivered
1431,19,2024-08-19,Pending
1432,68,2023-04-13,Pending
1433,218,2024-07-30,Delivered
1434,102,2023-10-20,Delivered
1435,42,2023-12-19,Delivered
1436,288,2023-09-28,Delivered
1437,167,2024-05-12,Delivered
1438,109,2024-11-28,Delivered
1439,494,2024-12-17,Delivered
1440,36,2024-11-28,Delivered
1441,232,2023-02-09,Delivered
1442,229,2023-12-06,Delivered
1443,353,2023-02-20,Shipped
1444,164,2023-10-03,Shipped
1445,387,2023-11-21,Delivered
1446,73,2023-11-15,Delivered
1447,136,2024-12-13,Shipped
1448,353,2023-12-22,Delivered
1449,379,2024-03-29,Shipped
1450,70,2023-11-25,Delivered
1451,425,2024-09-11,Delivered
1452,487,2023-07-12,Delivered
1453,196,2024-02-21,Delivered
1454,269,2024-06-12,Delivered
1455,49,2023-02-27,Delivered
1456,316,2023-12-12,Shipped
1457,130,2024-06-02,Pending
1458,444,2024-06-20,Delivered
1459,5,2023-10-28,Shipped
1460,428,2023-11-01,Delivered
1461,27,2023-02-21,Delivered
1462,160,2024-11-22,Shipped
1463,149,2024-04-20,Delivered
1464,264,2024-10-12,Delivered
1465,230,2024-11-28,Delivered
1466,200,2024-05-15,Delivered
1467,50,2023-07-01,Pending
1468,67,2024-04-30,Pending
1469,300,2023-11-25,Shipped
1470,381,2024-10-06,Shipped
1471,58,2024-12-28,Delivered
1472,259,2023-08-08,Delivered
1473,342,2024-10-24,Delivered
1474,326,2023-10-03,Delivered
1475,130,2024-12-09,Delivered
1476,215,2023-01-10,Cancelled
1477,172,2023-05-16,Delivered
1478,258,2024-09-07,Delivered
1479,102,2023-11-18,Delivered
1480,209,2024-12-30,Delivered
1481,291,2024-11-20,Shipped
1482,354,2023-12-24,Delivered
1483,471,2023-08-12,Delivered
1484,286,2024-11-24,Pending
1485,116,2024-09-30,Delivered
1486,264,2023-12-15,Delivered
1487,150,2024-01-19,Shipped
1488,300,2024-08-31,Pending
1489,442,2023-11-02,Delivered
1490,36,2024-11-08,Shipped
1491,453,2024-11-17,Pending
1492,333,2023-09-25,Delivered
1493,477,2024-10-28,Cancelled
1494,287,2024-06-13,Shipped
1495,303,2023-02-28,Shipped
1496,311,2024-09-06,Shipped
1497,208,2023-11-24,Delivered
1498,106,2023-01-27,Delivered
1499,446,2023-11-28,Delivered
1500,158,2024-02-19,Delivered
1501,121,2023-02-06,Delivered
1502,55,2024-08-08,Pending
1503,400,2023-12-18,Pending
1504,12,2023-08-16,Delivered
1505,145,2024-10-15,Pending
1506,400,2024-11-18,Shipped
1507,396,2023-11-04,Delivered
1508,136,2024-11-04,Delivered
1509,468,2023-11-05,Delivered
1510,3,2023-05-12,Shipped
1511,144,2024-07-26,Delivered
1512,30,2023-07-07,Shipped
1513,237,2023-12-10,Delivered
1514,279,2023-08-16,Shipped
1515,348,2023-11-11,Pending
1516,115,2023-12-06,Shipped
1517,104,2024-10-22,Cancelled
1518,118,2024-12-26,Pending
1519,5,2024-08-20,Cancelled
1520,468,2024-10-27,Cancelled
1521,360,2024-12-27,Pending
1522,248,2024-01-26,Shipped
1523,364,2024-10-28,Delivered
1524,321,2023-05-21,Delivered
1525,121,2023-12-17,Delivered
1526,286,2024-08-06,Delivered
1527,149,2024-12-13,Delivered
1528,84,2023-07-04,Cancelled
1529,454,2024-10-14,Pending
1530,406,2023-11-17,Pending
1531,466,2023-01-05,Delivered
1532,456,2023-08-03,Delivered
1533,231,2023-06-22,Delivered
1534,288,2023-06-12,Delivered
1535,161,2023-11-01,Delivered
1536,272,2024-10-10,Delivered
1537,460,2024-03-15,Cancelled
1538,38,2024-12-28,Shipped
1539,500,2023-07-24,Delivered
1540,226,2023-01-15,Delivered
1541,142,2024-12-27,Delivered
1542,292,2023-01-05,Delivered
1543,481,2023-11-12,Cancelled
1544,151,2023-11-16,Delivered
1545,114,2024-05-30,Delivered
1546,237,2023-10-21,Delivered
1547,66,2023-11-02,Delivered
1548,361,2024-04-11,Delivered
1549,341,2024-09-02,Shipped
1550,258,2024-03-20,Shipped
1551,475,2023-11-18,Delivered
1552,249,2024-01-03,Delivered
1553,457,2023-06-18,Delivered
1554,449,2024-10-18,Pending
1555,331,2023-10-15,Delivered
1556,323,2024-08-26,Delivered
1557,180,2023-05-07,Delivered
1558,190,2024-10-28,Delivered
1559,407,2024-01-20,Delivered
1560,154,2023-09-19,Delivered
1561,196,2024-10-28,Delivered
1562,466,2024-10-08,Pending
1563,311,2023-02-19,Delivered
1564,262,2024-03-02,Cancelled
1565,419,2023-05-07,Delivered
1566,406,2024-04-30,Cancelled
1567,427,2023-07-30,Pending
1568,143,2024-11-07,Delivered
1569,342,2024-12-08,Pending
1570,316,2023-10-04,Delivered
1571,101,2024-10-18,Cancelled
1572,244,2024-06-07,Delivered
1573,490,2023-10-01,Delivered
1574,12,2024-10-24,Delivered
1575,239,2023-09-27,Cancelled
1576,49,2023-07-26,Delivered
1577,42,2024-10-24,Delivered
1578,166,2024-07-15,Shipped
1579,82,2023-08-01,Pending
1580,429,2024-10-07,Delivered
1581,291,2023-01-14,Delivered
1582,158,2023-04-24,Delivered
1583,216,2024-11-16,Delivered
1584,490,2023-04-03,Delivered
1585,158,2023-03-18,Cancelled
1586,462,2023-04-14,Delivered
1587,134,2024-11-21,Shipped
1588,67,2023-09-28,Delivered
1589,336,2023-04-13,Delivered
1590,7,2023-02-10,Delivered
1591,436,2024-01-04,Delivered
1592,14,2023-11-17,Shipped
1593,73,2023-10-28,Cancelled
1594,399,2023-01-10,Delivered
1595,405,2024-11-10,Cancelled
1596,163,2023-12-03,Pending
1597,66,2024-03-24,Delivered
1598,347,2023-10-02,Pending
1599,130,2023-04-06,Delivered
1600,419,2023-11-17,Delivered
1601,466,2024-02-14,Shipped
1602,206,2023-10-06,Delivered
1603,276,2024-12-07,Delivered
1604,466,2024-03-07,Shipped
1605,256,2023-12-20,Delivered
1606,266,2023-03-02,Delivered
1607,25,2023-12-13,Cancelled
1608,450,2024-05-09,Delivered
1609,281,2024-11-25,Delivered
1610,253,2024-09-17,Shipped
1611,310,2024-01-03,Delivered
1612,289,2024-12-01,Delivered
1613,164,2023-05-14,Cancelled
1614,95,2024-11-14,Shipped
1615,270,2024-11-27,Delivered
1616,321,2024-12-01,Pending
1617,110,2024-11-25,Pending
1618,336,2024-08-13,Delivered
1619,310,2023-08-18,Delivered
1620,238,2024-11-16,Delivered
1621,381,2024-06-15,Shipped
1622,436,2024-12-18,Delivered
1623,387,2024-03-19,Delivered
1624,483,2023-09-12,Cancelled
1625,425,2024-11-10,Shipped
1626,390,2024-12-28,Delivered
1627,25,2024-12-19,Delivered
1628,141,2023-06-10,Delivered
1629,117,2024-04-25,Delivered
1630,482,2023-11-19,Shipped
1631,392,2023-11-25,Pending
1632,405,2023-02-21,Delivered
1633,482,2024-07-17,Delivered
1634,452,2024-02-17,Shipped
1635,25,2023-03-22,Delivered
1636,79,2024-08-09,Delivered
1637,68,2024-05-25,Delivered
1638,173,2023-05-02,Delivered
1639,444,2024-11-28,Cancelled
1640,12,2024-12-27,Delivered
1641,288,2023-01-01,Delivered
1642,128,2024-09-10,Delivered
1643,96,2024-12-14,Cancelled
1644,92,2024-12-28,Delivered
1645,141,2024-04-12,Delivered
1646,31,2024-01-08,Delivered
1647,334,2023-08-17,Delivered
1648,20,2023-12-06,Delivered
1649,146,2024-09-26,Delivered
1650,477,2024-11-03,Delivered
1651,316,2024-12-08,Delivered
1652,447,2023-11-16,Pending
1653,390,2024-10-10,Delivered
1654,160,2023-10-26,Delivered
1655,349,2024-01-18,Delivered
1656,43,2023-02-16,Cancelled
1657,254,2024-12-19,Delivered
1658,130,2024-12-24,Pending
1659,60,2023-11-20,Shipped
1660,151,2023-08-09,Delivered
1661,467,2023-07-15,Cancelled
1662,287,2023-04-21,Delivered
1663,499,2023-02-17,Delivered
1664,5,2024-11-19,Pending
1665,467,2024-04-06,Shipped
1666,418,2024-08-26,Delivered
1667,266,2023-05-18,Delivered
1668,345,2023-01-05,Delivered
1669,130,2023-02-19,Shipped
1670,382,2024-03-19,Delivered
1671,267,2024-05-09,Delivered
1672,178,2023-07-01,Delivered
1673,253,2023-06-27,Delivered
1674,415,2023-12-12,Pending
1675,56,2024-09-06,Delivered
1676,463,2023-11-26,Cancelled
1677,457,2024-01-29,Delivered
1678,471,2024-09-15,Shipped
1679,83,2023-11-12,Delivered
1680,393,2023-10-29,Delivered
1681,99,2023-12-17,Delivered
1682,149,2024-12-17,Delivered
1683,329,2024-12-08,Delivered
1684,156,2024-07-14,Cancelled
1685,190,2024-12-29,Shipped
1686,494,2024-07-20,Delivered
1687,371,2023-12-25,Delivered
1688,263,2023-10-25,Delivered
1689,80,2024-12-19,Delivered
1690,400,2024-10-27,Shipped
1691,252,2023-07-02,Cancelled
1692,97,2024-12-11,Delivered
1693,260,2024-11-28,Delivered
1694,260,2024-07-29,Delivered
1695,103,2024-08-07,Shipped
1696,40,2024-12-28,Delivered
1697,273,2024-11-28,Shipped
1698,101,2023-01-14,Shipped
1699,359,2023-01-26,Delivered
1700,380,2023-02-24,Shipped
1701,308,2023-10-24,Delivered
1702,221,2023-10-21,Shipped
1703,308,2023-05-30,Delivered
1704,420,2024-12-08,Delivered
1705,124,2023-07-28,Cancelled
1706,422,2023-02-03,Pending
1707,231,2024-12-08,Pending
1708,178,2024-07-29,Delivered
1709,63,2024-10-24,Shipped
1710,485,2023-09-01,Delivered
1711,116,2024-12-13,Pending
1712,191,2023-02-18,Delivered
1713,62,2024-02-01,Cancelled
1714,256,2024-12-02,Cancelled
1715,483,2023-11-25,Shipped
1716,7,2023-07-27,Delivered
1717,155,2024-03-29,Delivered
1718,92,2024-10-10,Pending
1719,470,2024-10-25,Delivered
1720,14,2024-08-25,Pending
1721,455,2024-12-09,Delivered
1722,229,2023-10-18,Delivered
1723,86,2024-10-28,Cancelled
1724,133,2024-10-10,Delivered
1725,183,2024-11-14,Delivered
1726,386,2023-11-14,Delivered
1727,62,2023-12-06,Delivered
1728,219,2023-11-08,Shipped
1729,405,2024-12-03,Delivered
1730,246,2024-09-22,Cancelled
1731,230,2023-11-05,Pending
1732,79,2024-08-09,Delivered
1733,149,2023-03-16,Shipped
1734,138,2023-11-22,Delivered
1735,471,2023-07-08,Delivered
1736,314,2024-12-01,Cancelled
1737,376,2024-07-03,Delivered
1738,423,2023-10-24,Delivered
1739,389,2024-11-10,Delivered
1740,65,2023-12-28,Delivered
1741,13,2024-06-27,Delivered
1742,213,2024-07-28,Shipped
1743,474,2024-12-26,Delivered
1744,242,2023-12-21,Delivered
1745,493,2024-10-19,Delivered
1746,213,2024-10-28,Delivered
1747,181,2024-11-29,Delivered
1748,338,2024-01-26,Delivered
1749,485,2023-04-27,Delivered
1750,173,2024-07-07,Delivered
1751,160,2023-01-26,Delivered
1752,164,2024-01-19,Delivered
1753,465,2024-06-04,Cancelled
1754,483,2023-12-14,Cancelled
1755,497,2023-10-17,Delivered
1756,188,2023-12-09,Cancelled
1757,395,2024-10-28,Shipped
1758,191,2023-08-04,Delivered
1759,405,2023-08-07,Delivered
1760,308,2024-03-10,Shipped
1761,256,2023-07-30,Shipped
1762,183,2024-12-20,Delivered
1763,117,2024-03-21,Shipped
1764,282,2023-03-15,Delivered
1765,196,2023-12-07,Shipped
1766,34,2023-10-06,Cancelled
1767,52,2023-11-25,Delivered
1768,112,2024-10-25,Shipped
1769,252,2023-09-22,Delivered
1770,82,2024-04-06,Shipped
1771,232,2024-11-19,Shipped
1772,227,2024-10-20,Delivered
1773,233,2024-10-18,Delivered
1774,221,2023-03-06,Delivered
1775,436,2024-10-22,Shipped
1776,413,2024-01-02,Delivered
1777,422,2023-12-19,Shipped
1778,42,2023-11-05,Delivered
1779,21,2023-10-16,Delivered
1780,42,2024-03-24,Delivered
1781,397,2024-10-07,Pending
1782,113,2024-12-28,Cancelled
1783,105,2024-02-05,Cancelled
1784,192,2024-12-12,Shipped
1785,17,2023-12-28,Shipped
1786,120,2024-10-25,Delivered
1787,393,2023-01-12,Delivered
1788,425,2024-10-22,Delivered
1789,129,2023-01-06,Shipped
1790,130,2024-02-08,Cancelled
1791,60,2023-12-28,Delivered
1792,48,2023-12-19,Cancelled
1793,29,2024-10-08,Shipped
1794,97,2023-08-15,Delivered
1795,10,2023-10-16,Delivered
1796,242,2024-11-18,Delivered
1797,314,2023-02-25,Delivered
1798,444,2024-07-16,Shipped
1799,232,2024-12-16,Delivered
1800,277,2023-10-10,Delivered
1801,284,2024-08-17,Pending
1802,203,2023-12-05,Pending
1803,247,2024-11-18,Cancelled
1804,290,2023-10-13,Delivered
1805,264,2023-11-18,Delivered
1806,443,2023-12-03,Shipped
1807,214,2023-11-10,Delivered
1808,200,2023-06-06,Delivered
1809,433,2024-01-09,Delivered
1810,79,2024-11-14,Delivered
1811,401,2023-09-10,Delivered
1812,444,2024-12-30,Delivered
1813,343,2024-11-22,Delivered
1814,344,2023-05-18,Delivered
1815,173,2023-12-06,Delivered
1816,467,2024-04-18,Delivered
1817,69,2023-11-09,Shipped
1818,416,2023-12-22,Delivered
1819,428,2023-03-25,Delivered
1820,449,2023-05-24,Delivered
1821,87,2023-12-21,Delivered
1822,101,2023-03-20,Delivered
1823,8,2023-01-20,Delivered
1824,333,2024-12-08,Cancelled
1825,200,2024-08-15,Delivered
1826,87,2024-10-27,Delivered
1827,43,2024-12-18,Shipped
1828,385,2024-04-28,Delivered
1829,109,2023-06-02,Delivered
1830,435,2023-08-17,Delivered
1831,408,2024-08-26,Shipped
1832,483,2023-12-25,Delivered
1833,152,2024-11-06,Delivered
1834,17,2024-10-28,Delivered
1835,133,2024-09-20,Pending
1836,148,2024-10-10,Delivered
1837,277,2023-07-03,Cancelled
1838,232,2024-08-02,Delivered
1839,314,2023-05-30,Cancelled
1840,415,2024-05-10,Cancelled
1841,366,2023-11-11,Delivered
1842,228,2023-11-26,Delivered
1843,139,2023-10-28,Delivered
1844,436,2024-06-14,Delivered
1845,399,2024-01-05,Shipped
1846,211,2024-04-10,Delivered
1847,391,2023-02-10,Delivered
1848,499,2023-12-28,Delivered
1849,28,2024-10-10,Cancelled
1850,51,2023-09-27,Delivered
1851,491,2024-12-06,Delivered
1852,442,2024-01-23,Delivered
1853,261,2024-10-31,Cancelled
1854,261,2023-03-21,Delivered
1855,350,2024-01-21,Delivered
1856,352,2023-08-17,Delivered
1857,8,2023-12-28,Delivered
1858,320,2023-12-20,Delivered
1859,138,2024-05-08,Cancelled
1860,38,2023-01-07,Shipped
1861,111,2023-05-23,Delivered
1862,480,2023-12-24,Pending
1863,368,2023-10-15,Delivered
1864,220,2023-06-11,Shipped
1865,337,2023-05-02,Pending
1866,223,2024-02-29,Delivered
1867,136,2023-04-27,Shipped
1868,256,2024-05-05,Delivered
1869,360,2024-11-27,Delivered
1870,409,2023-10-23,Delivered
1871,329,2024-08-10,Delivered
1872,450,2023-05-18,Shipped
1873,463,2023-02-10,Cancelled
1874,434,2023-11-28,Delivered
1875,451,2023-07-04,Pending
1876,49,2024-02-20,Pending
1877,292,2024-07-31,Delivered
1878,382,2024-11-08,Delivered
1879,324,2023-12-28,Delivered
1880,78,2024-04-27,Shipped
1881,105,2023-11-24,Cancelled
1882,169,2024-12-07,Delivered
1883,217,2023-07-06,Shipped
1884,378,2024-12-07,Delivered
1885,119,2024-11-03,Delivered
1886,190,2024-09-02,Delivered
1887,255,2023-08-24,Delivered
1888,370,2023-10-16,Delivered
1889,266,2024-06-19,Delivered
1890,149,2024-05-31,Delivered
1891,164,2023-06-03,Delivered
1892,140,2023-07-01,Delivered
1893,347,2024-09-21,Pending
1894,488,2024-06-28,Delivered
1895,258,2023-12-01,Shipped
1896,374,2023-05-14,Delivered
1897,269,2024-07-06,Delivered
1898,181,2024-11-25,Cancelled
1899,160,2024-06-18,Delivered
1900,351,2023-02-14,Delivered
1901,400,2024-11-15,Shipped
1902,288,2024-01-26,Delivered
1903,288,2024-12-14,Delivered
1904,380,2024-11-11,Delivered
1905,226,2023-08-27,Delivered
1906,11,2023-12-27,Delivered
1907,10,2024-10-23,Delivered
1908,271,2024-12-27,Pending
1909,273,2023-01-08,Shipped
1910,424,2023-05-01,Shipped
1911,402,2024-01-20,Delivered
1912,183,2024-12-05,Pending
1913,457,2024-02-23,Delivered
1914,153,2023-06-08,Pending
1915,488,2024-12-22,Shipped
1916,315,2024-03-09,Shipped
1917,334,2024-12-18,Delivered
1918,124,2024-02-11,Delivered
1919,473,2024-02-28,Delivered
1920,114,2024-07-24,Shipped
1921,278,2024-01-15,Delivered
1922,500,2024-11-10,Shipped
1923,414,2024-12-14,Delivered
1924,468,2024-02-12,Delivered
1925,213,2024-10-06,Delivered
1926,172,2024-04-02,Delivered
1927,288,2023-12-15,Delivered
1928,435,2024-02-15,Delivered
1929,174,2024-07-17,Cancelled
1930,113,2024-12-01,Delivered
1931,376,2023-06-14,Delivered
1932,405,2024-10-13,Shipped
1933,483,2023-05-29,Pending
1934,122,2024-09-06,Shipped
1935,32,2023-11-07,Delivered
1936,222,2023-03-23,Pending
1937,119,2024-01-29,Shipped
1938,39,2024-02-15,Delivered
1939,497,2024-12-17,Delivered
1940,268,2023-02-28,Delivered
1941,233,2023-06-29,Delivered
1942,431,2024-12-25,Pending
1943,18,2024-10-14,Delivered
1944,149,2024-09-05,Cancelled
1945,397,2024-10-16,Delivered
1946,149,2024-10-21,Delivered
1947,126,2024-10-01,Delivered
1948,392,2023-03-30,Delivered
1949,302,2024-02-14,Shipped
1950,360,2024-02-09,Shipped
1951,238,2023-07-25,Delivered
1952,135,2024-10-21,Delivered
1953,151,2024-12-16,Delivered
1954,236,2024-11-19,Shipped
1955,224,2023-08-20,Delivered
1956,203,2023-07-19,Delivered
1957,256,2024-02-18,Delivered
1958,86,2023-12-25,Cancelled
1959,150,2023-04-20,Delivered
1960,235,2024-10-28,Delivered
1961,345,2024-06-09,Shipped
1962,22,2024-07-04,Delivered
1963,348,2024-11-11,Delivered
1964,285,2024-01-22,Cancelled
1965,269,2023-09-07,Pending
1966,466,2024-04-14,Delivered
1967,258,2024-08-23,Delivered
1968,29,2024-10-08,Delivered
1969,213,2024-01-27,Shipped
1970,463,2023-08-14,Delivered
1971,436,2023-08-24,Shipped
1972,283,2024-02-27,Delivered
1973,50,2024-06-12,Delivered
1974,95,2024-12-18,Shipped
1975,463,2023-11-12,Cancelled
1976,499,2024-11-20,Delivered
1977,407,2023-10-17,Delivered
1978,88,2024-10-02,Delivered
1979,44,2024-12-10,Pending
1980,461,2024-11-30,Cancelled
1981,278,2023-07-14,Delivered
1982,171,2023-10-24,Shipped
1983,421,2023-10-28,Delivered
1984,189,2023-09-13,Delivered
1985,353,2023-10-28,Delivered
1986,184,2023-05-03,Delivered
1987,3,2024-11-23,Delivered
1988,191,2024-05-19,Delivered
1989,118,2024-07-08,Delivered
1990,19,2024-05-08,Cancelled
1991,23,2023-11-19,Delivered
1992,413,2024-08-11,Delivered
1993,30,2024-12-17,Delivered
1994,295,2023-10-14,Shipped
1995,108,2024-12-13,Delivered
1996,367,2024-03-09,Delivered
1997,281,2024-11-07,Cancelled
1998,128,2024-02-08,Delivered
1999,229,2023-06-28,Delivered
2000,111,2023-05-04,Pending
